Workbook

Sheet まとめ

Sheet 類似度高分野ペア_要注意単語
B1: 心理学 vs 教育 | C1: 心理学 vs 人間の神経科学 | D1: 心理学 vs 精神医学 | E1: 心理学 vs 公衆衛生 | F1: 心臓血管医学 vs 内分泌学 | G1: 心臓血管医学 vs 医学 | H1: 政治学 vs 社会学 | I1: コミュニケーション vs 社会学 | J1: バイオエンジニアリングとバイオテクノロジー vs 細胞と発生生物学 | K1: 地球科学 vs 海洋科学 | L1: 免疫学 vs 腫瘍学
A2: 1 | B2: method | C2: regulation | D2: cognitive | E2: functional | F2: imaging | G2: intervention | H2: work | I2: design | J2: processing | K2: method | L2: function | N2: 高類似度＝cos平均値が0.25以上
A3: 2 | B3: methods | C3: cognitive | D3: flow | E3: cognitive | F3: development | G3: learning | H3: findings | I3: model | J3: flow | K3: standard | L3: functions
A4: 3 | B4: learning | C4: stimulation | D4: formation | E4: performance | F4: flow | G4: analyses | H4: study | I4: case | J4: inhibition | K4: measures | L4: intervention
A5: 4 | B5: regulation | C5: performance | D5: effect | E5: condition | F5: understanding | G5: structure | H5: related | I5: work | J5: system | K5: interaction | L5: figures
A6: 5 | B6: cognitive | C6: functional | D6: interaction | E6: formation | F6: exposure | G6: methods | H6: process | I6: attention | J6: factors | K6: interactions | L6: imaging
A7: 6 | B7: effect | C7: flow | D7: image | E7: development | F7: formation | G7: analysis | H7: development | I7: related | J7: methods | K7: imaging | L7: generated
A8: 7 | B8: effects | C8: attention | D8: effects | E8: target | F8: intervention | G8: signaling | H8: case | I8: processing | J8: analysis | K8: processing | L8: exposure
A9: 8 | B9: exposure | C9: related | D9: standard | E9: exposure | F9: features | G9: method | H9: attention | I9: based | J9: derived | K9: functions | L9: design
A10: 9 | B10: standard | C10: understanding | D10: signaling | E10: assessment | F10: regulation | G10: stimulation | H10: design | I10: subjects | J10: imaging | K10: methods | L10: formation
A11: 10 | B11: contributions | C11: formation | D11: form | E11: function | F11: structure | G11: formation | H11: affected | I11: performance | J11: design | K11: signaling | L11: learning
A12: 11 | B12: process | C12: processing | D12: context | E12: contributions | F12: learning | G12: development | H12: determined | I12: resulting | J12: patterns | K12: sequences | L12: functional
A13: 12 | B13: assessment | C13: evidence | D13: inhibition | E13: learning | F13: interaction | G13: measures | H13: factors | I13: context | J13: analyses | K13: target | L13: model
A14: 13 | B14: associated | C14: model | D14: development | E14: design | F14: design | G14: design | H14: investigated | I14: results | J14: cognitive | K14: functional | L14: inhibition
... A31: 30 | B31: model | C31: systems | D31: factor | E31: method | F31: model | G31: figures | H31: measures | I31: application | J31: stimulation | K31: resulting | L31: standard

Sheet cossim
B1: 0 | D1: 1 | E1: 2 | F1: 3 | G1: 4 | H1: 5 | I1: 6 | J1: 7 | K1: 8 | L1: 9 | M1: 10 | N1: 11 | O1: 12 | P1: 13 | Q1: 14 | R1: 15 | S1: 16 | T1: 17 | U1: 18 | V1: 19 | W1: 20 | X1: 21 | Y1: 22 | Z1: 23 | AA1: 24 | AB1: 25 | AC1: 26 | AD1: 27 | AE1: 28 | AF1: 29 | AG1: 30 | AH1: 31 | AI1: 32 | AJ1: 33 | AK1: 34 | AL1: 35 | AM1: 36 | AN1: 37 | AO1: 38 | AP1: 39 | AQ1: 40 | AR1: 41 | AS1: 42 | AT1: 43 | AU1: 44 | AV1: 45 | AW1: 46 | AX1: 47 | AY1: 48 | AZ1: 49 | BA1: 50 | BB1: 51 | BC1: 52 | BD1: 53 | BE1: 54 | BF1: 55 | BG1: 56 | BH1: 57 | BI1: 58 | BJ1: 59 | BK1: 60 | BL1: 61 | BM1: 62 | BN1: 63 | BO1: 64 | BP1: 65 | BQ1: 66 | BR1: 67 | BS1: 68 | BT1: 69 | BU1: 70 | BV1: 71 | BW1: 72 | BX1: 73 | BY1: 74 | BZ1: 75 | CA1: 76 | CB1: 77 | CC1: 78 | CD1: 79 | CE1: 80 | CF1: 81 | CG1: 82 | CH1: 83 | CI1: 84 | CJ1: 85 | CK1: 86 | CL1: 87 | CM1: 88 | CN1: 89 | CO1: 90 | CP1: 91 | CQ1: 92 | CR1: 93 | CS1: 94 | CT1: 95 | CU1: 96 | CV1: 97 | CW1: 98 | CX1: 99 | CY1: 100 | CZ1: 101 | DA1: 102 | DB1: 103 | DC1: 104 | DD1: 105 | DE1: 106
B2: 最大値 | D2: =MAX(D8:D1135) -> 0.47893363 | E2: =MAX(E8:E1135) -> 0.503583 | F2: =MAX(F8:F1135) -> 0.41257438 | G2: =MAX(G8:G1135) -> 0.5500667 | H2: =MAX(H8:H1135) -> 0.5232678 | I2: =MAX(I8:I1135) -> 0.45983332 | J2: =MAX(J8:J1135) -> 0.56289846 | K2: =MAX(K8:K1135) -> 0.9954481 | ... DE2: =MAX(DE8:DE1135) -> 0.5250086
B3: 最小値 | D3: =MIN(D8:D1135) -> -0.27967158 | E3: =MIN(E8:E1135) -> -0.174512 | F3: =MIN(F8:F1135) -> -0.1937299 | G3: =MIN(G8:G1135) -> -0.14987326 | H3: =MIN(H8:H1135) -> -0.16602077 | I3: =MIN(I8:I1135) -> -0.2553668 | J3: =MIN(J8:J1135) -> -0.15256062 | K3: =MIN(K8:K1135) -> 0.9627786 | ... DE3: =MIN(DE8:DE1135) -> -0.21795598
B4: 平均値 | D4: =AVERAGE(D8:D1135) -> 0.16378954 | E4: =AVERAGE(E8:E1135) -> 0.17603141 | F4: =AVERAGE(F8:F1135) -> 0.12010742 | G4: =AVERAGE(G8:G1135) -> 0.21897827 | H4: =AVERAGE(H8:H1135) -> 0.1718734 | I4: =AVERAGE(I8:I1135) -> 0.10615783 | J4: =AVERAGE(J8:J1135) -> 0.2211932 | K4: =AVERAGE(K8:K1135) -> 0.98107139 | ... DE4: =AVERAGE(DE8:DE1135) -> 0.12537214
B5: >=0.5の数 | D5: =COUNTIF(D8:D1135,">=0.5") -> 0 | E5: =COUNTIF(E8:E1135,">=0.5") -> 1 | F5: =COUNTIF(F8:F1135,">=0.5") -> 0 | G5: =COUNTIF(G8:G1135,">=0.5") -> 7 | H5: =COUNTIF(H8:H1135,">=0.5") -> 1 | I5: =COUNTIF(I8:I1135,">=0.5") -> 0 | J5: =COUNTIF(J8:J1135,">=0.5") -> 14 | K5: =COUNTIF(K8:K1135,">=0.5") -> 1128 | ... DE5: =COUNTIF(DE8:DE1135,">=0.5") -> 1
B6: 分散 | D6: =_xlfn.VAR.P(D8:D1135) -> 0.013310136 | E6: =_xlfn.VAR.P(E8:E1135) -> 0.014743741 | F6: =_xlfn.VAR.P(F8:F1135) -> 0.0096774282 | G6: =_xlfn.VAR.P(G8:G1135) -> 0.01320593 | H6: =_xlfn.VAR.P(H8:H1135) -> 0.012869503 | I6: =_xlfn.VAR.P(I8:I1135) -> 0.010252691 | J6: =_xlfn.VAR.P(J8:J1135) -> 0.015280493 | K6: =_xlfn.VAR.P(K8:K1135) -> 1.9193055e-05 | ... DE6: =_xlfn.VAR.P(DE8:DE1135) -> 0.0095463266
A7: 0 | B7: Source | D7: figure | E7: study | F7: analysis | G7: studies | H7: results | I7: model | J7: based | K7: research | L7: effect | M7: associated | N7: compared | O7: related | P7: effects | Q7: observed | R7: system | S7: development | T7: factors | U7: function | V7: models | W7: process | X7: work | Y7: method | Z7: performance | AA7: methods | AB7: factor | AC7: findings | AD7: target | AE7: figures | AF7: described | AG7: signaling | AH7: learning | AI7: considered | AJ7: analyzed | AK7: case | AL7: structure | AM7: evidence | AN7: functional | AO7: analyses | AP7: impact | AQ7: result | AR7: mechanisms | AS7: interaction | AT7: cognitive | AU7: standard | AV7: experimental | AW7: revealed | AX7: systems | AY7: features | AZ7: ability | BA7: design | BB7: formation | BC7: regulation | BD7: mechanism | BE7: flow | BF7: derived | BG7: influence | BH7: condition | BI7: detected | BJ7: developed | BK7: determined | BL7: association | BM7: comparison | BN7: form | BO7: effective | BP7: functions | BQ7: processing | BR7: subjects | BS7: defined | BT7: corresponding | BU7: proposed | BV7: interactions | BW7: consistent | BX7: limited | BY7: exposure | BZ7: understanding | CA7: measures | CB7: properties | CC7: affect | CD7: resulting | CE7: suggested | CF7: assessment | CG7: components | CH7: patterns | CI7: stimulation | CJ7: sequences | CK7: context | CL7: determine | CM7: solution | CN7: inhibition | CO7: contributions | CP7: investigated | CQ7: attention | CR7: suggesting | CS7: assessed | CT7: image | CU7: application | CV7: caused | CW7: generated | CX7: imaging | CY7: affected | CZ7: combined | DA7: pattern | DB7: baseline | DC7: availability | DD7: contributed | DE7: intervention | DF7: 平均 | DG7: 高平均ペア | DH7: main_交流度 | DI7: maintopic_jaccard | DJ7: participant_jaccard | DK7: rt_jaccard | DL7: rt_jaccard100 | DM7: rt_jaccard150 | DN7: m_jaccard_重み | DO7: p_jaccard_重み | DP7: section_jaccard50 | DQ7: section_jaccard100 | DR7: section_jaccard150 | DS7: section_jaccard50_new
A8: 1 | B8: Artificial Intelligence vs Computer Science | C8: 人工知能 vs コンピュータサイエンス | D8: -0.028446587 | E8: -0.0033611555 | F8: 0.22992162 | G8: 0.22113355 | H8: 0.22403453 | I8: 0.23065843 | J8: 0.2591172 | K8: 0.9807334 | L8: 0.2791975 | M8: 0.29054332 | N8: 0.30717185 | O8: 0.20106763 | P8: 0.31941354 | Q8: 0.23796833 | R8: -0.030984271 | S8: 0.017142246 | T8: 0.34669134 | U8: 0.21275072 | V8: 0.22063828 | W8: 0.16813892 | X8: 0.11087111 | Y8: 0.07864608 | Z8: 0.22421479 | AA8: 0.12326258 | AB8: 0.33360398 | AC8: 0.42222592 | AD8: 0.1243991 | AE8: 0.18000247 | AF8: 0.27186152 | AG8: 0.25122997 | AH8: 0.20087469 | AI8: 0.23136228 | AJ8: 0.12754571 | AK8: 0.1745943 | AL8: 0.22282705 | AM8: 0.34175542 | AN8: 0.36262676 | AO8: 0.2266446 | AP8: 0.2538279 | AQ8: 0.12946261 | AR8: 0.40092456 | AS8: 0.17080948 | AT8: 0.16718425 | AU8: 0.15073332 | AV8: 0.1232293 | AW8: -0.055271663 | AX8: 0.005748129 | AY8: 0.09767488 | AZ8: 0.9547707 | BA8: 0.14511505 | BB8: 0.1960721 | BC8: 0.078977734 | BD8: 0.15524456 | BE8: 0.29488012 | BF8: 0.27437013 | BG8: 0.31186455 | BH8: 0.09145996 | BI8: 0.20662127 | BJ8: 0.21611972 | BK8: 0.12563556 | BL8: 0.05038516 | BM8: 0.34777623 | BN8: 0.22761238 | BO8: 0.32315728 | BP8: 0.33737484 | BQ8: 0.11581312 | BR8: 0.17230092 | BS8: 0.14785488 | BT8: 0.29103252 | BU8: 0.18348144 | BV8: 0.1596187 | BW8: 0.10034721 | BX8: 0.26203614 | BY8: 0.19489992 | BZ8: 0.23371609 | CA8: 0.28954333 | CB8: 0.3428708 | CC8: 0.24366379 | CD8: 0.20712392 | CE8: 0.25287592 | CF8: 0.072181255 | CG8: 0.23751569 | CH8: 0.09993539 | CI8: 0.21041441 | CJ8: 0.26202065 | CK8: 0.06174937 | CL8: 0.20087248 | CM8: 0.2520336 | CN8: 0.3903585 | CO8: 0.11390283 | CP8: 0.23602271 | CQ8: 0.060259663 | CR8: 0.19232792 | CS8: 0.32362524 | CT8: 0.12217722 | CU8: 0.12589212 | CV8: 0.19094664 | CW8: 0.15157129 | CX8: 0.15362917 | CY8: 0.1575969 | CZ8: 0.38096574 | DA8: 0.10242216 | DB8: 0.26719582 | DC8: 0.96858287 | DD8: 0.22250399 | DE8: 0.09616714 | DF8: =AVERAGE(D8:J8,L8:AY8,BA8:DB8,DD8:DE8) -> 0.1982505 | DG8: =IF(DF8>=0.25,1,0) -> 0 | DH8: 0.01787318 | DI8: =VLOOKUP(B8,owner_jaccard!$C$1:$E$1128,3,FALSE) -> 0.33333333 | DJ8: =VLOOKUP(B8,partic_jaccard!$C$1:$E$1128,3,FALSE) -> 0.26086957 | DK8: =VLOOKUP(B8,rtword_jaccard!$C$1:$E$1128,3,FALSE) -> 0.44927536 | DL8: =VLOOKUP(B8,rtword_jaccard!$C$1:$F$1128,4,FALSE) -> 0.58730159 | DM8: =VLOOKUP(B8,rtword_jaccard!$C$1:$G$1128,5,FALSE) -> 0.54639175 | DN8: =VLOOKUP(B8,owner_j_重み付き!$C$1:$E$1128,3) -> 0.0335 | DO8: =VLOOKUP(B8,part_j_重み付き!$C$1:$E$1128,3,FALSE) -> 0.1326 | DP8: =VLOOKUP(B8,journalsection_jaccard!$C$2:$E$1129,3,FALSE) -> 0.53846154 | DQ8: =VLOOKUP(B8,journalsection_jaccard!$C$2:$F$1129,4,FALSE) -> 0.4084507 | DR8: =VLOOKUP(B8,journalsection_jaccard!$C$2:$G$1129,5,FALSE) -> 0.36986301 | DS8: =VLOOKUP(B8,journalsection_jaccard!$C$2:$H$1129,6,FALSE) -> 0.2195122
A9: 2 | B9: Artificial Intelligence vs Psychology | C9: 人工知能 vs 心理学 | D9: 0.18046255 | E9: 0.25162423 | F9: 0.1757238 | G9: 0.17586961 | H9: 0.08675858 | I9: 0.277539 | J9: 0.15200296 | K9: 0.9795682 | L9: 0.06287314 | M9: 0.22242323 | N9: 0.20749998 | O9: 0.05557556 | P9: 0.058957968 | Q9: 0.23856622 | R9: 0.084158234 | S9: 0.22001596 | T9: 0.18543822 | U9: 0.2346844 | V9: 0.27243468 | W9: 0.21440092 | X9: 0.18212496 | Y9: 0.029209556 | Z9: 0.30248898 | AA9: 0.047650244 | AB9: 0.08304028 | AC9: 0.09340218 | AD9: 0.34100685 | AE9: 0.018772855 | AF9: 0.28814492 | AG9: 0.15603799 | AH9: 0.19488966 | AI9: 0.47533056 | AJ9: 0.21298434 | AK9: 0.24007598 | AL9: 0.21375744 | AM9: 0.0954315 | AN9: 0.20043597 | AO9: 0.1813792 | AP9: 0.35279226 | AQ9: 0.20466182 | AR9: 0.16831172 | AS9: 0.02750745 | AT9: 0.08533338 | AU9: 0.15351713 | AV9: 0.40288484 | AW9: 0.18460856 | AX9: 0.15393335 | AY9: 0.36905843 | AZ9: 0.9694565 | BA9: 0.13059965 | BB9: 0.17169717 | BC9: 0.12495294 | BD9: 0.037502766 | BE9: 0.11802436 | BF9: 0.357698 | BG9: 0.2338055 | BH9: 0.11135751 | BI9: 0.24962358 | BJ9: 0.33796343 | BK9: 0.3223002 | BL9: 0.32899848 | BM9: 0.036236737 | BN9: 0.15618849 | BO9: 0.25641808 | BP9: 0.25657168 | BQ9: 0.020999676 | BR9: 0.3309288 | BS9: 0.31001043 | BT9: 0.2800148 | BU9: 0.31442294 | BV9: 0.07999064 | BW9: 0.178549 | BX9: 0.38650447 | BY9: 0.13963184 | BZ9: -0.031501133 | CA9: 0.38657013 | CB9: 0.3262807 | CC9: 0.057119463 | CD9: 0.37897074 | CE9: 0.30405554 | CF9: 0.1216512 | CG9: 0.27925915 | CH9: 0.17425717 | CI9: 0.19801234 | CJ9: 0.30317882 | CK9: 0.018101769 | CL9: 0.21934782 | CM9: 0.20552413 | CN9: 0.3017428 | CO9: -0.04353534 | CP9: 0.29318145 | CQ9: 0.12427708 | CR9: 0.36873955 | CS9: 0.3233452 | CT9: 0.080862306 | CU9: 0.075943366 | CV9: 0.3173828 | CW9: 0.1193781 | CX9: 0.14939024 | CY9: 0.33990335 | CZ9: 0.29623595 | DA9: 0.049197942 | DB9: 0.32352972 | DC9: 0.97169363 | DD9: 0.2751671 | DE9: 0.08342491 | DF9: =AVERAGE(D9:J9,L9:AY9,BA9:DB9,DD9:DE9) -> 0.19908512 | DG9: =IF(DF9>=0.25,1,0) -> 0 | DH9: 0.015964629 | DI9: =VLOOKUP(B9,owner_jaccard!$C$1:$E$1128,3,FALSE) -> 0.24074074 | DJ9: =VLOOKUP(B9,partic_jaccard!$C$1:$E$1128,3,FALSE) -> 0.47058824 | DK9: =VLOOKUP(B9,rtword_jaccard!$C$1:$E$1128,3,FALSE) -> 0.2195122 | DL9: =VLOOKUP(B9,rtword_jaccard!$C$1:$F$1128,4,FALSE) -> 0.28205128 | DM9: =VLOOKUP(B9,rtword_jaccard!$C$1:$G$1128,5,FALSE) -> 0.32743363 | DN9: =VLOOKUP(B9,owner_j_重み付き!$C$1:$E$1128,3) -> 0.0025 | DO9: =VLOOKUP(B9,part_j_重み付き!$C$1:$E$1128,3,FALSE) -> 0.0018 | DP9: =VLOOKUP(B9,journalsection_jaccard!$C$2:$E$1129,3,FALSE) -> 0.61290323 | DQ9: =VLOOKUP(B9,journalsection_jaccard!$C$2:$F$1129,4,FALSE) -> 0.36054422 | DR9: =VLOOKUP(B9,journalsection_jaccard!$C$2:$G$1129,5,FALSE) -> 0.33333333 | DS9: =VLOOKUP(B9,journalsection_jaccard!$C$2:$H$1129,6,FALSE) -> 0.20481928
A10: 3 | B10: Artificial Intelligence vs Aging Neuroscience | C10: 人工知能と老化神経科学の最前線 | D10: 0.19391279 | E10: 0.26779866 | F10: 0.14499079 | G10: 0.048386026 | H10: 0.19368936 | I10: 0.13334793 | J10: 0.2144582 | K10: 0.9775029 | L10: 0.18110019 | M10: 0.13506697 | N10: 0.24586672 | O10: 0.18108714 | P10: 0.2747221 | Q10: 0.2066418 | R10: 0.12665328 | S10: -0.009975265 | T10: 0.17593096 | U10: -0.05315222 | V10: 0.05301799 | W10: 0.20990588 | X10: 0.15584491 | Y10: 0.024865625 | Z10: 0.21488604 | AA10: 0.049113147 | AB10: 0.16084805 | AC10: 0.33339998 | AD10: 0.20064406 | AE10: 0.14496623 | AF10: 0.24924211 | AG10: -0.024887737 | AH10: 0.061611984 | AI10: 0.38234946 | AJ10: 0.039791744 | AK10: 0.3236608 | AL10: 0.07836455 | AM10: 0.25200903 | AN10: 0.1946201 | AO10: 0.21290824 | AP10: 0.15952109 | AQ10: 0.17921473 | AR10: 0.3480207 | AS10: 0.044316325 | AT10: -0.06670053 | AU10: 0.25467908 | AV10: 0.12987065 | AW10: 0.15549374 | AX10: 0.042087197 | AY10: 0.34265924 | AZ10: 0.9652467 | BA10: -0.12654158 | BB10: 0.019804303 | BC10: 0.24924096 | BD10: 0.23533127 | BE10: 0.09086441 | BF10: 0.10352984 | BG10: 0.16826156 | BH10: -0.03364272 | BI10: 0.18085286 | BJ10: 0.22155274 | BK10: 0.31950414 | BL10: 0.14151263 | BM10: 0.23616269 | BN10: 0.23253734 | BO10: 0.20288265 | BP10: 0.06341934 | BQ10: 0.13987994 | BR10: 0.23403701 | BS10: 0.26904377 | BT10: 0.3710032 | BU10: 0.09530684 | BV10: 0.012973571 | BW10: 0.1866654 | BX10: 0.26371577 | BY10: 0.2704512 | BZ10: 0.031614274 | CA10: 0.15638325 | CB10: 0.14420521 | CC10: 0.06692569 | CD10: 0.2047846 | CE10: 0.17692806 | CF10: 0.19491102 | CG10: 0.37188673 | CH10: 0.11938927 | CI10: 0.17003252 | CJ10: 0.32350227 | CK10: 0.17443384 | CL10: 0.2423821 | CM10: 0.042381078 | CN10: 0.11966252 | CO10: -0.037349805 | CP10: 0.3084231 | CQ10: 0.013330068 | CR10: 0.21265829 | CS10: 0.2484294 | CT10: 0.0049993 | CU10: 0.25526997 | CV10: 0.25602704 | CW10: -0.035052128 | CX10: 0.072111174 | CY10: 0.2791761 | CZ10: 0.31596887 | DA10: 0.21825278 | DB10: 0.14256628 | DC10: 0.97308266 | DD10: 0.31944054 | DE10: 0.13331355 | DF10: =AVERAGE(D10:J10,L10:AY10,BA10:DB10,DD10:DE10) -> 0.16468142 | DG10: =IF(DF10>=0.25,1,0) -> 0 | DH10: 0 | DI10: =VLOOKUP(B10,owner_jaccard!$D$1:$E$1128,2,FALSE) -> 0.22857143 | DJ10: =VLOOKUP(B10,partic_jaccard!$D$1:$E$1128,2,FALSE) -> 0.42857143 | DK10: =VLOOKUP(B10,rtword_jaccard!$D$1:$E$1128,2,FALSE) -> 0.12359551 | DL10: =VLOOKUP(B10,rtword_jaccard!$D$1:$F$1128,3,FALSE) -> 0.16959064 | DM10: =VLOOKUP(B10,rtword_jaccard!$D$1:$G$1128,4,FALSE) -> 0.20481928 | DN10: =VLOOKUP(B10,owner_j_重み付き!$C$1:$E$1128,3) -> 0.0092 | DO10: =VLOOKUP(B10,part_j_重み付き!$D$1:$E$1128,2,FALSE) -> 0.0733 | DP10: =journalsection_jaccard!E3 -> 0.2987013 | DQ10: =journalsection_jaccard!F3 -> 0.32450331 | DR10: =journalsection_jaccard!G3 -> 0.2605042 | DS10: 0.13636364
A11: 4 | B11: Artificial Intelligence vs Applied Mathematics and Statistics | C11: 人工知能と応用数学・統計学の最先端 | D11: 0.23362942 | E11: -0.012000329 | F11: -0.17664579 | G11: 0.03647395 | H11: 0.16156515 | I11: 0.030141214 | J11: 0.11248044 | K11: 0.9834303 | L11: 0.16777721 | M11: -0.07598025 | N11: 0.25540236 | O11: 0.10049295 | P11: -0.18164547 | Q11: 0.089574054 | R11: 0.06780051 | S11: 0.12137341 | T11: 0.28977212 | U11: 0.19991206 | V11: 0.08374342 | W11: 0.1466002 | X11: 0.03764076 | Y11: 0.018572124 | Z11: 0.0849191 | AA11: -0.0016192896 | AB11: 0.1663724 | AC11: 0.10620742 | AD11: -0.021323169 | AE11: -0.009740454 | AF11: 0.23843884 | AG11: 0.35463625 | AH11: -0.10071967 | AI11: 0.30794266 | AJ11: 0.022447567 | AK11: 0.18894573 | AL11: 0.03373772 | AM11: 0.156354 | AN11: 0.28856736 | AO11: -0.09479361 | AP11: 0.14357989 | AQ11: 0.18167992 | AR11: 0.41504636 | AS11: 0.12168044 | AT11: 0.07703947 | AU11: 0.08704131 | AV11: -0.058530137 | AW11: -0.040537525 | AX11: 0.068202816 | AY11: 0.15627632 | AZ11: 0.9382193 | BA11: 0.15754013 | BB11: 0.04753322 | BC11: 0.18150301 | BD11: 0.27534673 | BE11: 0.1005438 | BF11: 0.23097363 | BG11: 0.31649983 | BH11: 0.13123666 | BI11: 0.19707893 | BJ11: 0.19713359 | BK11: 0.3381152 | BL11: 0.08351894 | BM11: 0.20721842 | BN11: 0.20305963 | BO11: 0.28365257 | BP11: 0.23859134 | BQ11: 0.0017801591 | BR11: 0.065854594 | BS11: 0.13319801 | BT11: 0.06192957 | BU11: 0.16437586 | BV11: 0.17052168 | BW11: 0.17751907 | BX11: 0.17501654 | BY11: 0.25196457 | BZ11: 0.013856807 | CA11: 0.29574198 | CB11: 0.074554645 | CC11: 0.24378015 | CD11: 0.10158709 | CE11: 0.27383947 | CF11: 0.13102162 | CG11: 0.31177428 | CH11: 0.019665679 | CI11: 0.2630453 | CJ11: 0.24283628 | CK11: 0.25738078 | CL11: 0.16392177 | CM11: 0.1588571 | CN11: 0.3508804 | CO11: -0.045849375 | CP11: 0.2563111 | CQ11: 0.026156897 | CR11: 0.23558885 | CS11: 0.29077953 | CT11: 0.18810801 | CU11: 0.10449753 | CV11: 0.26696151 | CW11: 0.03465294 | CX11: 0.2873524 | CY11: 0.31538287 | CZ11: 0.2195763 | DA11: 0.09120247 | DB11: 0.3712073 | DC11: 0.95845157 | DD11: 0.22093327 | DE11: 0.19113934 | DF11: =AVERAGE(D11:J11,L11:AY11,BA11:DB11,DD11:DE11) -> 0.14492215 | DG11: =IF(DF11>=0.25,1,0) -> 0 | DH11: 0.007923113 | DI11: =VLOOKUP(B11,owner_jaccard!$D$1:$E$1128,2,FALSE) -> 0.38461538 | DJ11: =VLOOKUP(B11,partic_jaccard!$D$1:$E$1128,2,FALSE) -> 0.2173913 | DK11: =VLOOKUP(B11,rtword_jaccard!$D$1:$E$1128,2,FALSE) -> 0.25 | DL11: =VLOOKUP(B11,rtword_jaccard!$D$1:$F$1128,3,FALSE) -> 0.34228188 | DM11: =VLOOKUP(B11,rtword_jaccard!$D$1:$G$1128,4,FALSE) -> 0.36986301 | DN11: =VLOOKUP(B11,owner_j_重み付き!$C$1:$E$1128,3) -> 0.0092 | DO11: =VLOOKUP(B11,part_j_重み付き!$D$1:$E$1128,2,FALSE) -> 0.0794 | DP11: =VLOOKUP(B11,journalsection_jaccard!$D$2:$E$1129,2,FALSE) -> 0.47058824 | DQ11: =VLOOKUP(B11,journalsection_jaccard!$D$2:$F$1129,3,FALSE) -> 0.47058824 | DR11: =VLOOKUP(B11,journalsection_jaccard!$D$2:$G$1129,4,FALSE) -> 0.38248848 | DS11: =VLOOKUP(B11,journalsection_jaccard!$D$2:$H$1129,5,FALSE) -> 0.25
A12: 5 | B12: Artificial Intelligence vs Astronomy and Space Sciences | C12: 人工知能と天文学および宇宙科学の最先端 | D12: 0.16928482 | E12: 0.05854011 | F12: 0.26694044 | G12: 0.16959754 | H12: -0.012636899 | I12: 0.14229786 | J12: 0.14360538 | K12: 0.97755784 | L12: 0.24947889 | M12: 0.17267159 | N12: 0.16319312 | O12: 0.170077 | P12: 0.027703568 | Q12: 0.18150498 | R12: 0.03364794 | S12: 0.1673368 | T12: 0.2883434 | U12: 0.18933277 | V12: -0.015239696 | W12: 0.18020706 | X12: 0.013987163 | Y12: 0.3339124 | Z12: 0.21477701 | AA12: 0.25468877 | AB12: 0.21325544 | AC12: 0.10585099 | AD12: -0.060502507 | AE12: 0.14438634 | AF12: 0.20148405 | AG12: 0.4372296 | AH12: -0.024513027 | AI12: 0.3830166 | AJ12: 0.077730805 | AK12: 0.14578429 | AL12: 0.11631851 | AM12: 0.2211208 | AN12: 0.13042215 | AO12: 0.23494248 | AP12: 0.08810682 | AQ12: 0.23639226 | AR12: 0.22494338 | AS12: 0.18035181 | AT12: 0.1046719 | AU12: 0.2556848 | AV12: 0.1687371 | AW12: 0.058510967 | AX12: -0.022542994 | AY12: 0.06388398 | AZ12: 0.9138744 | BA12: 0.17610456 | BB12: -0.120579 | BC12: 0.31684172 | BD12: 0.22664839 | BE12: 0.16525532 | BF12: 0.19762163 | BG12: 0.25051877 | BH12: 0.34817585 | BI12: 0.16700895 | BJ12: 0.19504933 | BK12: 0.19890274 | BL12: 0.0052422397 | BM12: 0.28478265 | BN12: 0.23518722 | BO12: 0.20498826 | BP12: 0.23953359 | BQ12: 0.21533455 | BR12: 0.009945581 | BS12: 0.13481782 | BT12: 0.15693013 | BU12: 0.08456669 | BV12: 0.1638729 | BW12: 0.19121732 | BX12: 0.41744095 | BY12: 0.27788785 | BZ12: -0.014891177 | CA12: 0.45088345 | CB12: -0.06472452 | CC12: 0.320332 | CD12: 0.1819926 | CE12: 0.06690879 | CF12: 0.17383072 | CG12: 0.1847848 | CH12: 0.13790207 | CI12: 0.2730715 | CJ12: 0.20825501 | CK12: 0.06763546 | CL12: 0.30453262 | CM12: 0.072315544 | CN12: 0.36409065 | CO12: 0.1230242 | CP12: 0.2637402 | CQ12: 0.1684405 | CR12: 0.26216897 | CS12: 0.2930958 | CT12: 0.13680877 | CU12: 0.088879235 | CV12: 0.24347791 | CW12: 0.12074491 | CX12: 0.11377944 | CY12: 0.24892622 | CZ12: 0.21471436 | DA12: 0.2013071 | DB12: 0.2850128 | DC12: 0.95646614 | DD12: 0.19550015 | DE12: 0.10573417 | DF12: =AVERAGE(D12:J12,L12:AY12,BA12:DB12,DD12:DE12) -> 0.17266106 | DG12: =IF(DF12>=0.25,1,0) -> 0 | DH12: 0 | DI12: =VLOOKUP(B12,owner_jaccard!$C$1:$E$1128,3,FALSE) -> 0.13636364 | DJ12: =VLOOKUP(B12,partic_jaccard!$C$1:$E$1128,3,FALSE) -> 0.090909091 | DK12: =VLOOKUP(B12,rtword_jaccard!$C$1:$E$1128,3,FALSE) -> 0.12359551 | DL12: =VLOOKUP(B12,rtword_jaccard!$C$1:$F$1128,4,FALSE) -> 0.1627907 | DM12: =VLOOKUP(B12,rtword_jaccard!$C$1:$G$1128,5,FALSE) -> 0.19521912 | DN12: =VLOOKUP(B12,owner_j_重み付き!$C$1:$E$1128,3) -> 0.0037 | DO12: =VLOOKUP(B12,part_j_重み付き!$C$1:$E$1128,3,FALSE) -> 0.0127 | DP12: =VLOOKUP(B12,journalsection_jaccard!$C$2:$E$1129,3,FALSE) -> 0.49253731 | DQ12: =VLOOKUP(B12,journalsection_jaccard!$C$2:$F$1129,4,FALSE) -> 0.33333333 | DR12: =VLOOKUP(B12,journalsection_jaccard!$C$2:$G$1129,5,FALSE) -> 0.3215859 | DS12: =VLOOKUP(B12,journalsection_jaccard!$C$2:$H$1129,6,FALSE) -> 0.11111111
A13: 6 | B13: Artificial Intelligence vs Big Data | C13: 人工知能とビッグデータのフロンティア | D13: 0.1863641 | E13: 0.28676382 | F13: 0.011533973 | G13: 0.20901316 | H13: 0.14242636 | I13: 0.1259258 | J13: 0.026903598 | K13: 0.986467 | L13: 0.15879595 | M13: 0.21042256 | N13: 0.23924121 | O13: 0.12446354 | P13: 0.022704918 | Q13: 0.19477406 | R13: 0.093596466 | S13: 0.065988004 | T13: 0.19717328 | U13: 0.2220414 | V13: -0.015898066 | W13: 0.0024184207 | X13: 0.23032117 | Y13: 0.16237006 | Z13: 0.084248796 | AA13: 0.045275122 | AB13: 0.2287512 | AC13: 0.29699558 | AD13: 0.1847766 | AE13: 0.26644552 | AF13: 0.18899944 | AG13: 0.27403766 | AH13: -0.29030037 | AI13: 0.26829484 | AJ13: 0.13113034 | AK13: 0.04868713 | AL13: 0.12050153 | AM13: 0.23981419 | AN13: 0.31779552 | AO13: -0.0037587478 | AP13: 0.11797584 | AQ13: 0.14655273 | AR13: 0.40292808 | AS13: 0.0035726703 | AT13: 0.18690082 | AU13: 0.20997746 | AV13: 0.19506852 | AW13: 0.014782637 | AX13: 0.062160797 | AY13: 0.1754112 | AZ13: 0.9350696 | BA13: 0.23431423 | BB13: 0.15533556 | BC13: 0.18952802 | BD13: 0.34591207 | BE13: 0.2909973 | BF13: 0.32921872 | BG13: 0.34151044 | BH13: 0.13440785 | BI13: 0.24734367 | BJ13: 0.29039383 | BK13: 0.26055998 | BL13: 0.17515106 | BM13: 0.03989168 | BN13: 0.15852264 | BO13: 0.17521726 | BP13: 0.2733672 | BQ13: 0.1479303 | BR13: 0.05682026 | BS13: 0.17104094 | BT13: 0.19563048 | BU13: 0.07774767 | BV13: 0.07974944 | BW13: 0.2636723 | BX13: 0.33841008 | BY13: 0.18568613 | BZ13: 0.26460946 | CA13: 0.21834074 | CB13: 0.18750502 | CC13: 0.3630092 | CD13: 0.14674439 | CE13: 0.23052584 | CF13: 0.14956138 | CG13: 0.33742982 | CH13: 0.11499904 | CI13: 0.13191736 | CJ13: 0.12591983 | CK13: 0.24043085 | CL13: 0.15162188 | CM13: 0.3527445 | CN13: 0.21649913 | CO13: 0.10204168 | CP13: 0.3278445 | CQ13: 0.04150067 | CR13: 0.014889478 | CS13: 0.3090865 | CT13: 0.13662192 | CU13: 0.16147596 | CV13: 0.31449297 | CW13: 0.23877287 | CX13: 0.16985688 | CY13: 0.17754152 | CZ13: 0.28276026 | DA13: 0.159387 | DB13: 0.14811704 | DC13: 0.97031736 | DD13: 0.14919208 | DE13: 0.1743962 | DF13: =AVERAGE(D13:J13,L13:AY13,BA13:DB13,DD13:DE13) -> 0.17585014 | DG13: =IF(DF13>=0.25,1,0) -> 0 | DH13: 0.19076815 | DI13: =VLOOKUP(B13,owner_jaccard!$C$1:$E$1128,3,FALSE) -> 0.23809524 | DJ13: =VLOOKUP(B13,partic_jaccard!$C$1:$E$1128,3,FALSE) -> 0.33333333 | DK13: =VLOOKUP(B13,rtword_jaccard!$C$1:$E$1128,3,FALSE) -> 0.49253731 | DL13: =VLOOKUP(B13,rtword_jaccard!$C$1:$F$1128,4,FALSE) -> 0.5037594 | DM13: =VLOOKUP(B13,rtword_jaccard!$C$1:$G$1128,5,FALSE) -> 0.53846154 | DN13: =VLOOKUP(B13,owner_j_重み付き!$C$1:$E$1128,3) -> 0.0854 | DO13: =VLOOKUP(B13,part_j_重み付き!$C$1:$E$1128,3,FALSE) -> 0.082 | DP13: =VLOOKUP(B13,journalsection_jaccard!$C$2:$E$1129,3,FALSE) -> 0.63934426 | DQ13: =VLOOKUP(B13,journalsection_jaccard!$C$2:$F$1129,4,FALSE) -> 0.5625 | DR13: =VLOOKUP(B13,journalsection_jaccard!$C$2:$G$1129,5,FALSE) -> 0.44927536 | DS13: =VLOOKUP(B13,journalsection_jaccard!$C$2:$H$1129,6,FALSE) -> 0.4084507
A14: 7 | B14: Artificial Intelligence vs Bioengineering and Biotechnology | C14: 人工知能とバイオエンジニアリングおよびバイオテクノロジーの最先端 | D14: 0.26127046 | E14: 0.1668042 | F14: 0.2043077 | G14: 0.15099867 | H14: 0.2324244 | I14: 0.17402673 | J14: 0.16352737 | K14: 0.9718912 | L14: 0.14034401 | M14: 0.093479395 | N14: 0.17497857 | O14: 0.020774234 | P14: 0.03546281 | Q14: 0.25006032 | R14: -0.0015923077 | S14: 0.35363114 | T14: 0.18131661 | U14: 0.1479511 | V14: 0.10294653 | W14: 0.36560702 | X14: 0.31812608 | Y14: 0.17507392 | Z14: 0.14500262 | AA14: 0.03001782 | AB14: 0.25986302 | AC14: 0.4050372 | AD14: 0.029124498 | AE14: 0.33001202 | AF14: 0.090624064 | AG14: 0.06791258 | AH14: 0.09083794 | AI14: 0.20624197 | AJ14: 0.10814108 | AK14: 0.2183636 | AL14: 0.041139446 | AM14: 0.31452253 | AN14: 0.2853991 | AO14: 0.2716395 | AP14: 0.059147805 | AQ14: 0.24352196 | AR14: 0.17256884 | AS14: 0.16129206 | AT14: 0.017946078 | AU14: 0.11104419 | AV14: 0.17881285 | AW14: 0.13876136 | AX14: 0.052388266 | AY14: 0.35064688 | AZ14: 0.9583209 | BA14: 0.049610175 | BB14: 0.23276554 | BC14: 0.27995503 | BD14: 0.18105492 | BE14: 0.23669939 | BF14: 0.15986173 | BG14: 0.25374457 | BH14: 0.069293246 | BI14: 0.19561964 | BJ14: 0.1853895 | BK14: 0.20098428 | BL14: 0.1432612 | BM14: 0.1654074 | BN14: 0.10570464 | BO14: 0.38474107 | BP14: 0.22077091 | BQ14: 0.055143427 | BR14: 0.1697809 | BS14: 0.20588987 | BT14: 0.3560527 | BU14: 0.2813674 | BV14: 0.20954885 | BW14: 0.078031346 | BX14: 0.20589982 | BY14: 0.07358923 | BZ14: 0.29980007 | CA14: 0.33010885 | CB14: 0.09860673 | CC14: 0.16715597 | CD14: 0.19879493 | CE14: 0.1775916 | CF14: 0.30399847 | CG14: 0.29456466 | CH14: 0.08570064 | CI14: -0.037034873 | CJ14: 0.3422783 | CK14: 0.16858311 | CL14: 0.20337802 | CM14: 0.08476944 | CN14: 0.10076866 | CO14: 0.29086524 | CP14: 0.23290718 | CQ14: 0.16280924 | CR14: 0.28169784 | CS14: 0.32619324 | CT14: 0.015471916 | CU14: 0.13648659 | CV14: 0.1809308 | CW14: 0.08537459 | CX14: 0.089780085 | CY14: 0.0725746 | CZ14: 0.20152757 | DA14: 0.055367757 | DB14: 0.19530925 | DC14: 0.9647091 | DD14: 0.2664129 | DE14: 0.0507233 | DF14: =AVERAGE(D14:J14,L14:AY14,BA14:DB14,DD14:DE14) -> 0.17723487 | DG14: =IF(DF14>=0.25,1,0) -> 0 | DH14: 0 | DI14: =VLOOKUP(B14,owner_jaccard!$C$1:$E$1128,3,FALSE) -> 0.24390244 | DJ14: =VLOOKUP(B14,partic_jaccard!$C$1:$E$1128,3,FALSE) -> 0.36111111 | DK14: =VLOOKUP(B14,rtword_jaccard!$C$1:$E$1128,3,FALSE) -> 0.19047619 | DL14: =VLOOKUP(B14,rtword_jaccard!$C$1:$F$1128,4,FALSE) -> 0.27388535 | DM14: =VLOOKUP(B14,rtword_jaccard!$C$1:$G$1128,5,FALSE) -> 0.28205128 | DN14: =VLOOKUP(B14,owner_j_重み付き!$C$1:$E$1128,3) -> 0.0077 | DO14: =VLOOKUP(B14,part_j_重み付き!$C$1:$E$1128,3,FALSE) -> 0.0376 | DP14: =VLOOKUP(B14,journalsection_jaccard!$C$2:$E$1129,3,FALSE) -> 0.25 | DQ14: =VLOOKUP(B14,journalsection_jaccard!$C$2:$F$1129,4,FALSE) -> 0.31578947 | DR14: =VLOOKUP(B14,journalsection_jaccard!$C$2:$G$1129,5,FALSE) -> 0.31578947 | DS14: =VLOOKUP(B14,journalsection_jaccard!$C$2:$H$1129,6,FALSE) -> 0.19047619
A15: 8 | B15: Artificial Intelligence vs Cardiovascular Medicine | C15: 人工知能と心臓血管医学の最先端 | D15: 0.077852644 | E15: 0.2631343 | F15: 0.33474997 | G15: 0.11873299 | H15: 0.02023854 | I15: 0.03723992 | J15: 0.335429 | K15: 0.9768717 | L15: 0.37467912 | M15: 0.2170772 | N15: 0.29946363 | O15: 0.09316351 | P15: 0.22431932 | Q15: 0.2033864 | R15: -0.04388539 | S15: 0.026724324 | T15: 0.3624577 | U15: 0.10034763 | V15: -0.052416332 | W15: -0.0035242618 | X15: 0.2803386 | Y15: 0.045859944 | Z15: 0.23396333 | AA15: 0.032476496 | AB15: 0.21754764 | AC15: 0.20949538 | AD15: 0.046529654 | AE15: 0.037982114 | AF15: 0.2622988 | AG15: 0.11842778 | AH15: 0.056941494 | AI15: 0.326975 | AJ15: 0.22819813 | AK15: 0.3311225 | AL15: 0.085355885 | AM15: 0.15873669 | AN15: 0.15156452 | AO15: 0.2828789 | AP15: 0.24689756 | AQ15: 0.12357905 | AR15: 0.26665625 | AS15: 0.1396338 | AT15: -0.24181505 | AU15: 0.2156302 | AV15: 0.07113124 | AW15: 0.08378294 | AX15: 0.09614716 | AY15: 0.33211008 | AZ15: 0.9549556 | BA15: 0.09096491 | BB15: -0.07986991 | BC15: 0.19120564 | BD15: 0.2226668 | BE15: 0.22552164 | BF15: 0.252306 | BG15: 0.29231182 | BH15: 0.01695536 | BI15: 0.28996137 | BJ15: 0.2708613 | BK15: 0.24162637 | BL15: 0.15059927 | BM15: 0.32528874 | BN15: 0.246628 | BO15: 0.3169411 | BP15: 0.13186117 | BQ15: 0.1968502 | BR15: 0.1673151 | BS15: 0.15132153 | BT15: 0.2769115 | BU15: 0.20475262 | BV15: 0.22181742 | BW15: 0.20370337 | BX15: 0.39980993 | BY15: 0.13725135 | BZ15: 0.07756057 | CA15: 0.20454061 | CB15: 0.224457 | CC15: 0.27018937 | CD15: 0.36961567 | CE15: 0.12667374 | CF15: 0.25170687 | CG15: 0.28098735 | CH15: 0.19909476 | CI15: 0.21730764 | CJ15: 0.24694839 | CK15: 0.13742888 | CL15: 0.34076074 | CM15: 0.16295971 | CN15: 0.2043942 | CO15: 0.058601033 | CP15: 0.35066348 | CQ15: 0.19037864 | CR15: 0.17760284 | CS15: 0.33004346 | CT15: 0.060962666 | CU15: -0.025054146 | CV15: 0.2522777 | CW15: 0.15405731 | CX15: 0.20947178 | CY15: 0.3063885 | CZ15: 0.23209506 | DA15: 0.08748854 | DB15: 0.12399343 | DC15: 0.96938765 | DD15: 0.17128077 | DE15: 0.040072408 | DF15: =AVERAGE(D15:J15,L15:AY15,BA15:DB15,DD15:DE15) -> 0.18068085 | DG15: =IF(DF15>=0.25,1,0) -> 0 | DH15: 0 | DI15: =VLOOKUP(B15,owner_jaccard!$C$1:$E$1128,3,FALSE) -> 0.23076923 | DJ15: =VLOOKUP(B15,partic_jaccard!$C$1:$E$1128,3,FALSE) -> 0.37931034 | DK15: =VLOOKUP(B15,rtword_jaccard!$C$1:$E$1128,3,FALSE) -> 0.14942529 | DL15: =VLOOKUP(B15,rtword_jaccard!$C$1:$F$1128,4,FALSE) -> 0.19047619 | DM15: =VLOOKUP(B15,rtword_jaccard!$C$1:$G$1128,5,FALSE) -> 0.2244898 | DN15: =VLOOKUP(B15,owner_j_重み付き!$C$1:$E$1128,3) -> 0.0044 | DO15: =VLOOKUP(B15,part_j_重み付き!$C$1:$E$1128,3,FALSE) -> 0.057 | DP15: =VLOOKUP(B15,journalsection_jaccard!$C$2:$E$1129,3,FALSE) -> 0.53846154 | DQ15: =VLOOKUP(B15,journalsection_jaccard!$C$2:$F$1129,4,FALSE) -> 0.33333333 | DR15: =VLOOKUP(B15,journalsection_jaccard!$C$2:$G$1129,5,FALSE) -> 0.31004367 | DS15: =VLOOKUP(B15,journalsection_jaccard!$C$2:$H$1129,6,FALSE) -> 0.13636364
A16: 9 | B16: Artificial Intelligence vs Cell and Developmental Biology | C16: 人工知能と細胞生物学および発生生物学の最先端 | D16: 0.17863017 | E16: 0.21422693 | F16: 0.0684752 | G16: 0.17826472 | H16: 0.13084356 | I16: 0.11413652 | J16: 0.19086222 | K16: 0.97693413 | L16: 0.17610604 | M16: 0.021885864 | N16: 0.2119793 | O16: 0.06902598 | P16: 0.18886606 | Q16: 0.24319367 | R16: 0.033444025 | S16: 0.11949958 | T16: 0.17475274 | U16: -0.018244438 | V16: 0.13066585 | W16: 0.044516623 | X16: 0.13994792 | Y16: -0.0029625993 | Z16: 0.12857854 | AA16: 0.038795773 | AB16: 0.20794846 | AC16: 0.27088058 | AD16: 0.018389672 | AE16: -0.12764122 | AF16: 0.11231037 | AG16: -0.11539369 | AH16: 0.20604913 | AI16: 0.27368858 | AJ16: 0.21068656 | AK16: 0.1092598 | AL16: 0.1268274 | AM16: 0.2931026 | AN16: 0.13000086 | AO16: 0.12438611 | AP16: 0.33316314 | AQ16: 0.17844306 | AR16: 0.016003136 | AS16: 0.08738175 | AT16: 0.035918362 | AU16: 0.19448806 | AV16: 0.091631584 | AW16: 0.16455151 | AX16: 0.03430997 | AY16: 0.38021004 | AZ16: 0.9664866 | BA16: 0.0732889 | BB16: -0.0013373817 | BC16: 0.0632676 | BD16: -0.12947515 | BE16: 0.09832163 | BF16: -0.12156956 | BG16: 0.27264518 | BH16: 0.0599899 | BI16: 0.22540316 | BJ16: 0.07865196 | BK16: 0.15493454 | BL16: 0.10684665 | BM16: -0.006783231 | BN16: 0.10635906 | BO16: 0.09914439 | BP16: 0.058701713 | BQ16: 0.0088161025 | BR16: 0.12947392 | BS16: 0.090848744 | BT16: 0.26481152 | BU16: 0.21408503 | BV16: 0.021710932 | BW16: 0.022532564 | BX16: 0.46171218 | BY16: 0.032052096 | BZ16: 0.016084988 | CA16: 0.2368524 | CB16: 0.22169179 | CC16: 0.22586815 | CD16: 0.15603358 | CE16: 0.17956896 | CF16: 0.07952938 | CG16: 0.2568253 | CH16: 0.09188079 | CI16: -0.00259538 | CJ16: 0.2268815 | CK16: 0.1275821 | CL16: 0.083514504 | CM16: 0.13846946 | CN16: 0.036648326 | CO16: -0.06458057 | CP16: 0.2710207 | CQ16: 0.16433547 | CR16: 0.17626375 | CS16: 0.31093937 | CT16: 0.21519637 | CU16: 0.006147517 | CV16: 0.20728184 | CW16: 0.06422042 | CX16: 0.18210475 | CY16: 0.2933408 | CZ16: 0.20038849 | DA16: 0.037975013 | DB16: 0.034804244 | DC16: 0.9694577 | DD16: 0.32522467 | DE16: 0.17253937 | DF16: =AVERAGE(D16:J16,L16:AY16,BA16:DB16,DD16:DE16) -> 0.12804424 | DG16: =IF(DF16>=0.25,1,0) -> 0 | DH16: 0 | DI16: =VLOOKUP(B16,owner_jaccard!$C$1:$E$1128,3,FALSE) -> 0.13157895 | DJ16: =VLOOKUP(B16,partic_jaccard!$C$1:$E$1128,3,FALSE) -> 0.3 | DK16: =VLOOKUP(B16,rtword_jaccard!$C$1:$E$1128,3,FALSE) -> 0.13636364 | DL16: =VLOOKUP(B16,rtword_jaccard!$C$1:$F$1128,4,FALSE) -> 0.17647059 | DM16: =VLOOKUP(B16,rtword_jaccard!$C$1:$G$1128,5,FALSE) -> 0.18577075 | DN16: =VLOOKUP(B16,owner_j_重み付き!$C$1:$E$1128,3) -> 0.0032 | DO16: =VLOOKUP(B16,part_j_重み付き!$C$1:$E$1128,3,FALSE) -> 0.0223 | DP16: =VLOOKUP(B16,journalsection_jaccard!$C$2:$E$1129,3,FALSE) -> 0.42857143 | DQ16: =VLOOKUP(B16,journalsection_jaccard!$C$2:$F$1129,4,FALSE) -> 0.29032258 | DR16: =VLOOKUP(B16,journalsection_jaccard!$C$2:$G$1129,5,FALSE) -> 0.25 | DS16: =VLOOKUP(B16,journalsection_jaccard!$C$2:$H$1129,6,FALSE) -> 0.11111111
A17: 10 | B17: Artificial Intelligence vs Cellular Neuroscience | C17: 人工知能と細胞神経科学の最先端 | D17: 0.12808733 | E17: 0.18284601 | F17: -0.022274047 | G17: 0.30595422 | H17: 0.17047858 | I17: -0.11967152 | J17: 0.22343233 | K17: 0.97843456 | L17: 0.0368001 | M17: 0.1246935 | N17: 0.28139275 | O17: 0.078469954 | P17: 0.06800611 | Q17: 0.24381158 | R17: 0.011143997 | S17: 0.32257104 | T17: 0.26345372 | U17: 0.10002839 | V17: -0.11708163 | W17: 0.2189618 | X17: 0.17084791 | Y17: 0.059773907 | Z17: 0.14358091 | AA17: -0.18829879 | AB17: 0.14481144 | AC17: 0.3162298 | AD17: 0.1579428 | AE17: 0.18275186 | AF17: 0.23183429 | AG17: 0.06835698 | AH17: 0.04189499 | AI17: 0.06867632 | AJ17: 0.12744565 | AK17: 0.26136133 | AL17: 0.28465512 | AM17: 0.2266159 | AN17: 0.044420324 | AO17: 0.0756609 | AP17: 0.22144662 | AQ17: 0.28446698 | AR17: 0.1100195 | AS17: 0.14638016 | AT17: -0.017436106 | AU17: 0.10856025 | AV17: 0.017693458 | AW17: 0.28369883 | AX17: 0.055762686 | AY17: 0.2774268 | AZ17: 0.95559126 | BA17: 0.14639519 | BB17: 0.07808223 | BC17: 0.15367183 | BD17: 0.024508353 | BE17: 0.15707786 | BF17: 0.06066297 | BG17: 0.12014665 | BH17: -0.020819848 | BI17: 0.213879 | BJ17: 0.2412934 | BK17: 0.3372256 | BL17: 0.023261804 | BM17: 0.18875974 | BN17: 0.015198481 | BO17: 0.2909385 | BP17: 0.037339073 | BQ17: 0.16489282 | BR17: 0.1816038 | BS17: 0.11090946 | BT17: 0.21094222 | BU17: 0.14440936 | BV17: 0.14563346 | BW17: 0.23204054 | BX17: 0.33441025 | BY17: 0.13100581 | BZ17: 0.15645546 | CA17: 0.14438772 | CB17: 0.30878526 | CC17: 0.17931893 | CD17: 0.15452035 | CE17: 0.26561037 | CF17: 0.28920168 | CG17: 0.16751356 | CH17: 0.13302805 | CI17: 0.059588425 | CJ17: 0.13811392 | CK17: 0.01898865 | CL17: 0.10776478 | CM17: 0.09711278 | CN17: -0.0069855456 | CO17: -0.05878933 | CP17: 0.16184558 | CQ17: 0.21156354 | CR17: 0.26484632 | CS17: 0.2875418 | CT17: 0.0066935816 | CU17: 0.05982157 | CV17: 0.24941435 | CW17: -0.033184916 | CX17: 0.01814666 | CY17: 0.2754997 | CZ17: 0.1800981 | DA17: 0.22492217 | DB17: 0.17118031 | DC17: 0.95072407 | DD17: 0.15953991 | DE17: -0.01631847 | DF17: =AVERAGE(D17:J17,L17:AY17,BA17:DB17,DD17:DE17) -> 0.14084834 | DG17: =IF(DF17>=0.25,1,0) -> 0 | DH17: 0.00070109839 | DI17: =VLOOKUP(B17,owner_jaccard!$C$1:$E$1128,3,FALSE) -> 0.24324324 | DJ17: =VLOOKUP(B17,partic_jaccard!$C$1:$E$1128,3,FALSE) -> 0.24 | DK17: =VLOOKUP(B17,rtword_jaccard!$C$1:$E$1128,3,FALSE) -> 0.086956522 | DL17: =VLOOKUP(B17,rtword_jaccard!$C$1:$F$1128,4,FALSE) -> 0.15606936 | DM17: =VLOOKUP(B17,rtword_jaccard!$C$1:$G$1128,5,FALSE) -> 0.19047619 | DN17: =VLOOKUP(B17,owner_j_重み付き!$C$1:$E$1128,3) -> 0.003 | DO17: =VLOOKUP(B17,part_j_重み付き!$C$1:$E$1128,3,FALSE) -> 0.0312 | DP17: =VLOOKUP(B17,journalsection_jaccard!$C$2:$E$1129,3,FALSE) -> 0.26582278 | DQ17: =VLOOKUP(B17,journalsection_jaccard!$C$2:$F$1129,4,FALSE) -> 0.33333333 | DR17: =VLOOKUP(B17,journalsection_jaccard!$C$2:$G$1129,5,FALSE) -> 0.23966942 | DS17: =VLOOKUP(B17,journalsection_jaccard!$C$2:$H$1129,6,FALSE) -> 0.063829787
A18: 11 | B18: Artificial Intelligence vs Cellular and Infection Microbiology | C18: 人工知能と細胞および感染微生物学の最先端 | D18: 0.18342178 | E18: 0.1897683 | F18: 0.002922522 | G18: 0.23289147 | H18: 0.057013247 | I18: -0.04566499 | J18: 0.31457862 | K18: 0.9751173 | L18: 0.15489027 | M18: 0.13083914 | N18: 0.27575642 | O18: -0.0787008 | P18: 0.13453792 | Q18: 0.11554273 | R18: -0.07524838 | S18: 0.0749717 | T18: 0.037165295 | U18: 0.044952344 | V18: 0.008605208 | W18: 0.13808335 | X18: 0.10167003 | Y18: 0.063262284 | Z18: 0.04045021 | AA18: 0.011182852 | AB18: -0.040267687 | AC18: 0.31398174 | AD18: -0.047235306 | AE18: 0.038877305 | AF18: 0.08255166 | AG18: -0.010776321 | AH18: -0.08585999 | AI18: 0.21668349 | AJ18: -0.0039800443 | AK18: 0.19463748 | AL18: 0.050730184 | AM18: 0.31335768 | AN18: 0.0055017965 | AO18: 0.05118811 | AP18: 0.16342428 | AQ18: 0.14312081 | AR18: 0.18945815 | AS18: 0.061313313 | AT18: 0.10540165 | AU18: 0.15180744 | AV18: -0.12677403 | AW18: 0.26836312 | AX18: 0.041222595 | AY18: 0.264921 | AZ18: 0.9528046 | BA18: 0.09434747 | BB18: 0.10266551 | BC18: 0.23842762 | BD18: 0.0019189 | BE18: 0.20237793 | BF18: 0.16151737 | BG18: 0.23064317 | BH18: 0.00010919049 | BI18: 0.21225765 | BJ18: 0.19732837 | BK18: 0.18651646 | BL18: 0.18667647 | BM18: 0.21647128 | BN18: 0.097042754 | BO18: 0.23967317 | BP18: 0.14653187 | BQ18: 0.19463816 | BR18: -0.012650452 | BS18: 0.19470964 | BT18: 0.34320667 | BU18: 0.115197 | BV18: 0.06392746 | BW18: 0.16478652 | BX18: 0.43716386 | BY18: 0.07977297 | BZ18: 0.07481207 | CA18: 0.038197443 | CB18: 0.26080576 | CC18: 0.31913674 | CD18: 0.20718254 | CE18: 0.244191 | CF18: 0.22295773 | CG18: 0.14286838 | CH18: 0.1471669 | CI18: 0.13638213 | CJ18: 0.28995955 | CK18: 0.21179155 | CL18: 0.07520988 | CM18: 0.0955561 | CN18: 0.10349715 | CO18: 0.11526085 | CP18: 0.17212479 | CQ18: 0.10601029 | CR18: 0.2747634 | CS18: 0.21397819 | CT18: 0.0514632 | CU18: 0.043480143 | CV18: 0.13850799 | CW18: 0.11598287 | CX18: 0.11918014 | CY18: 0.24563432 | CZ18: 0.33897698 | DA18: 0.16689406 | DB18: 0.09741924 | DC18: 0.97528553 | DD18: 0.13731009 | DE18: 0.050831173 | DF18: =AVERAGE(D18:J18,L18:AY18,BA18:DB18,DD18:DE18) -> 0.13113912 | DG18: =IF(DF18>=0.25,1,0) -> 0 | DH18: 0 | DI18: =VLOOKUP(B18,owner_jaccard!$C$1:$E$1128,3,FALSE) -> 0.25 | DJ18: =VLOOKUP(B18,partic_jaccard!$C$1:$E$1128,3,FALSE) -> 0.27586207 | DK18: =VLOOKUP(B18,rtword_jaccard!$C$1:$E$1128,3,FALSE) -> 0.11111111 | DL18: =VLOOKUP(B18,rtword_jaccard!$C$1:$F$1128,4,FALSE) -> 0.16959064 | DM18: =VLOOKUP(B18,rtword_jaccard!$C$1:$G$1128,5,FALSE) -> 0.18110236 | DN18: =VLOOKUP(B18,owner_j_重み付き!$C$1:$E$1128,3) -> 0.0039 | DO18: =VLOOKUP(B18,part_j_重み付き!$C$1:$E$1128,3,FALSE) -> 0.0578 | DP18: =VLOOKUP(B18,journalsection_jaccard!$C$2:$E$1129,3,FALSE) -> 0.42857143 | DQ18: =VLOOKUP(B18,journalsection_jaccard!$C$2:$F$1129,4,FALSE) -> 0.34228188 | DR18: =VLOOKUP(B18,journalsection_jaccard!$C$2:$G$1129,5,FALSE) -> 0.28755365 | DS18: =VLOOKUP(B18,journalsection_jaccard!$C$2:$H$1129,6,FALSE) -> 0.13636364
A19: 12 | B19: Artificial Intelligence vs Chemistry | C19: 人工知能と化学の最先端 | D19: 0.1378659 | E19: 0.038918514 | F19: 0.044691253 | G19: 0.03503161 | H19: 0.15545493 | I19: 0.094398946 | J19: 0.030910434 | K19: 0.9758601 | L19: 0.038377564 | M19: 0.23345198 | N19: 0.11421958 | O19: 0.12292471 | P19: -0.019427557 | Q19: 0.27118137 | R19: 0.09477604 | S19: 0.20461287 | T19: 0.37285173 | U19: 0.10903147 | V19: 0.17414518 | W19: 0.15874985 | X19: 0.1980999 | Y19: 0.08183932 | Z19: 0.022953896 | AA19: -0.05618257 | AB19: 0.25967172 | AC19: 0.23240463 | AD19: 0.22001792 | AE19: 0.138259 | AF19: 0.21202828 | AG19: 0.27545613 | AH19: 0.10628339 | AI19: 0.42305166 | AJ19: 0.14908361 | AK19: 0.24764457 | AL19: 0.17207274 | AM19: 0.28522956 | AN19: 0.11954443 | AO19: 0.018334921 | AP19: 0.17989495 | AQ19: 0.15800248 | AR19: 0.13033089 | AS19: 0.052905504 | AT19: 0.10917381 | AU19: -0.056616984 | AV19: 0.13959397 | AW19: 0.16092813 | AX19: 0.14718997 | AY19: 0.1743882 | AZ19: 0.9590073 | BA19: 0.04948229 | BB19: 0.092920534 | BC19: 0.28877178 | BD19: 0.0678014 | BE19: 0.18135871 | BF19: 0.13577366 | BG19: 0.21602254 | BH19: -0.03053419 | BI19: 0.14438754 | BJ19: 0.16433415 | BK19: 0.3090691 | BL19: 0.010757414 | BM19: 0.12300831 | BN19: 0.078935415 | BO19: 0.2030101 | BP19: 0.24273601 | BQ19: 0.23018648 | BR19: 0.0595755 | BS19: 0.043071147 | BT19: 0.13880926 | BU19: 0.13473946 | BV19: 0.08143832 | BW19: 0.12712325 | BX19: 0.23742358 | BY19: 0.29712704 | BZ19: 0.0387075 | CA19: 0.37764966 | CB19: 0.24568433 | CC19: 0.23588486 | CD19: 0.10337529 | CE19: 0.15588018 | CF19: 0.20893393 | CG19: 0.3351706 | CH19: 0.05302983 | CI19: 0.17129163 | CJ19: 0.24740338 | CK19: 0.24056973 | CL19: 0.12856753 | CM19: 0.12163554 | CN19: 0.017068684 | CO19: 0.16610724 | CP19: 0.15613121 | CQ19: 0.22080508 | CR19: 0.18030132 | CS19: 0.12198893 | CT19: 0.12334359 | CU19: 0.19363232 | CV19: 0.30101365 | CW19: -0.11812254 | CX19: 0.1355971 | CY19: 0.31265342 | CZ19: 0.14469506 | DA19: 0.1355545 | DB19: 0.14681084 | DC19: 0.96192914 | DD19: 0.076983355 | DE19: 0.07533252 | DF19: =AVERAGE(D19:J19,L19:AY19,BA19:DB19,DD19:DE19) -> 0.14946368 | DG19: =IF(DF19>=0.25,1,0) -> 0 | DH19: 0 | DI19: =VLOOKUP(B19,owner_jaccard!$C$1:$E$1128,3,FALSE) -> 0.15 | DJ19: =VLOOKUP(B19,partic_jaccard!$C$1:$E$1128,3,FALSE) -> 0.2962963 | DK19: =VLOOKUP(B19,rtword_jaccard!$C$1:$E$1128,3,FALSE) -> 0.17647059 | DL19: =VLOOKUP(B19,rtword_jaccard!$C$1:$F$1128,4,FALSE) -> 0.22699387 | DM19: =VLOOKUP(B19,rtword_jaccard!$C$1:$G$1128,5,FALSE) -> 0.2295082 | DN19: =VLOOKUP(B19,owner_j_重み付き!$C$1:$E$1128,3) -> 0.0051 | DO19: =VLOOKUP(B19,part_j_重み付き!$C$1:$E$1128,3,FALSE) -> 0.0647 | DP19: =VLOOKUP(B19,journalsection_jaccard!$C$2:$E$1129,3,FALSE) -> 0.5625 | DQ19: =VLOOKUP(B19,journalsection_jaccard!$C$2:$F$1129,4,FALSE) -> 0.38888889 | DR19: =VLOOKUP(B19,journalsection_jaccard!$C$2:$G$1129,5,FALSE) -> 0.36986301 | DS19: =VLOOKUP(B19,journalsection_jaccard!$C$2:$H$1129,6,FALSE) -> 0.19047619
A20: 13 | B20: Artificial Intelligence vs Communication | C20: 人工知能とコミュニケーションのフロンティア | D20: 0.18890165 | E20: 0.29145536 | F20: 0.04650585 | G20: 0.12719616 | H20: 0.28374 | I20: 0.06382006 | J20: 0.20769879 | K20: 0.98085827 | L20: 0.3549056 | M20: 0.20323354 | N20: 0.26788187 | O20: 0.031019274 | P20: 0.11679357 | Q20: 0.33676276 | R20: 0.050642934 | S20: -0.06355832 | T20: 0.26860374 | U20: 0.25967202 | V20: 0.14478996 | W20: 0.080091774 | X20: 0.07097017 | Y20: 0.10096227 | Z20: 0.061625857 | AA20: 0.0804054 | AB20: 0.24086525 | AC20: 0.4536813 | AD20: 0.19735503 | AE20: 0.27101102 | AF20: 0.30037242 | AG20: 0.24745288 | AH20: 0.00618108 | AI20: 0.2956121 | AJ20: 0.2770229 | AK20: 0.072708875 | AL20: 0.12178624 | AM20: 0.3739388 | AN20: 0.23108453 | AO20: 0.25709176 | AP20: 0.24842654 | AQ20: 0.35281596 | AR20: 0.32606676 | AS20: 0.1215032 | AT20: 0.0314882 | AU20: 0.10026281 | AV20: 0.31510738 | AW20: 0.13128594 | AX20: 0.07780433 | AY20: 0.3509864 | AZ20: 0.94208455 | BA20: -0.010845103 | BB20: 0.261309 | BC20: 0.3789818 | BD20: 0.25265053 | BE20: 0.25490308 | BF20: 0.10204894 | BG20: 0.15965416 | BH20: 0.14473632 | BI20: 0.25977325 | BJ20: 0.22404712 | BK20: 0.38003218 | BL20: -0.0018039959 | BM20: 0.16270156 | BN20: 0.19685477 | BO20: 0.28977415 | BP20: 0.18618362 | BQ20: 0.17326877 | BR20: 0.08859496 | BS20: 0.16617647 | BT20: 0.37139946 | BU20: 0.26321432 | BV20: 0.13003795 | BW20: 0.17265081 | BX20: 0.2948767 | BY20: 0.18552539 | BZ20: 0.37067088 | CA20: 0.14660287 | CB20: 0.3609688 | CC20: 0.21085553 | CD20: 0.11311556 | CE20: 0.2864832 | CF20: 0.21436284 | CG20: 0.19826996 | CH20: 0.074973375 | CI20: 0.28736162 | CJ20: 0.23059702 | CK20: 0.09180633 | CL20: 0.26353952 | CM20: 0.23379268 | CN20: 0.480491 | CO20: 0.15915969 | CP20: 0.38694745 | CQ20: 0.3299997 | CR20: 0.34490457 | CS20: 0.28333953 | CT20: 0.31045383 | CU20: 0.16907792 | CV20: 0.28428468 | CW20: 0.09961524 | CX20: 0.24712566 | CY20: 0.15468088 | CZ20: 0.21988359 | DA20: 0.14843369 | DB20: 0.24490376 | DC20: 0.9629676 | DD20: 0.17308994 | DE20: -0.020556785 | DF20: =AVERAGE(D20:J20,L20:AY20,BA20:DB20,DD20:DE20) -> 0.20545643 | DG20: =IF(DF20>=0.25,1,0) -> 0 | DH20: 0.0070323488 | DI20: =VLOOKUP(B20,owner_jaccard!$C$1:$E$1128,3,FALSE) -> 0.26086957 | DJ20: =VLOOKUP(B20,partic_jaccard!$C$1:$E$1128,3,FALSE) -> 0.25925926 | DK20: =VLOOKUP(B20,rtword_jaccard!$C$1:$E$1128,3,FALSE) -> 0.26582278 | DL20: =VLOOKUP(B20,rtword_jaccard!$C$1:$F$1128,4,FALSE) -> 0.28205128 | DM20: =VLOOKUP(B20,rtword_jaccard!$C$1:$G$1128,5,FALSE) -> 0.31004367 | DN20: =VLOOKUP(B20,owner_j_重み付き!$C$1:$E$1128,3) -> 0.0139 | DO20: =VLOOKUP(B20,part_j_重み付き!$C$1:$E$1128,3,FALSE) -> 0.0771 | DP20: =VLOOKUP(B20,journalsection_jaccard!$C$2:$E$1129,3,FALSE) -> 0.63934426 | DQ20: =VLOOKUP(B20,journalsection_jaccard!$C$2:$F$1129,4,FALSE) -> 0.3986014 | DR20: =VLOOKUP(B20,journalsection_jaccard!$C$2:$G$1129,5,FALSE) -> 0.38248848 | DS20: =VLOOKUP(B20,journalsection_jaccard!$C$2:$H$1129,6,FALSE) -> 0.20481928
A21: 14 | B21: Artificial Intelligence vs Digital Health | C21: 人工知能とデジタルヘルスの最先端 | D21: 0.10053545 | E21: -0.055145293 | F21: 0.153752 | G21: 0.06941861 | H21: -0.022139227 | I21: 0.21439946 | J21: 0.064268276 | K21: 0.9826873 | L21: 0.16386908 | M21: 0.26314452 | N21: 0.27543846 | O21: 0.08659997 | P21: 0.19328043 | Q21: 0.28261107 | R21: 0.06177106 | S21: -0.13032673 | T21: 0.3184741 | U21: 0.21074037 | V21: 0.25675237 | W21: 0.13251145 | X21: 0.01901421 | Y21: 0.14516373 | Z21: 0.11655489 | AA21: -0.03599735 | AB21: 0.18580224 | AC21: 0.24085262 | AD21: 0.2428136 | AE21: 0.19379263 | AF21: 0.23966047 | AG21: 0.50010633 | AH21: 0.018873729 | AI21: 0.24248788 | AJ21: 0.075243436 | AK21: 0.14658251 | AL21: 0.20508558 | AM21: 0.24989673 | AN21: 0.13009852 | AO21: 0.26151666 | AP21: 0.36048108 | AQ21: 0.22932291 | AR21: 0.35586834 | AS21: 0.032047506 | AT21: -0.15175535 | AU21: 0.1386028 | AV21: 0.057082534 | AW21: 0.1432633 | AX21: 0.17275316 | AY21: 0.30531523 | AZ21: 0.95553297 | BA21: 0.1200805 | BB21: 0.24951513 | BC21: -0.004035425 | BD21: 0.3149857 | BE21: 0.10408397 | BF21: 0.16657655 | BG21: 0.25112566 | BH21: 0.06416209 | BI21: 0.33072624 | BJ21: 0.22132315 | BK21: 0.39514148 | BL21: 0.055433434 | BM21: 0.11890394 | BN21: 0.359215 | BO21: 0.29256514 | BP21: 0.27419278 | BQ21: 0.15382724 | BR21: 0.06444584 | BS21: 0.23231976 | BT21: 0.13526073 | BU21: 0.08320285 | BV21: 0.11041538 | BW21: 0.058383998 | BX21: 0.20095286 | BY21: 0.11290674 | BZ21: 0.1540398 | CA21: 0.11776859 | CB21: 0.3204879 | CC21: 0.26284647 | CD21: 0.25901604 | CE21: 0.24139565 | CF21: 0.01917721 | CG21: 0.35013798 | CH21: 0.082944565 | CI21: 0.442754 | CJ21: 0.1722516 | CK21: 0.11793894 | CL21: 0.31265885 | CM21: 0.21470742 | CN21: 0.43866438 | CO21: 0.14136405 | CP21: 0.29948053 | CQ21: 0.08710268 | CR21: 0.18647157 | CS21: 0.10558831 | CT21: 0.06973666 | CU21: 0.1855952 | CV21: 0.44372886 | CW21: 0.13660708 | CX21: 0.24323685 | CY21: 0.38189775 | CZ21: 0.19950674 | DA21: 0.06019276 | DB21: 0.11516593 | DC21: 0.96843916 | DD21: 0.10008495 | DE21: -0.005226903 | DF21: =AVERAGE(D21:J21,L21:AY21,BA21:DB21,DD21:DE21) -> 0.17653901 | DG21: =IF(DF21>=0.25,1,0) -> 0 | DH21: 0.0012658228 | DI21: =VLOOKUP(B21,owner_jaccard!$C$1:$E$1128,3,FALSE) -> 0.32142857 | DJ21: =VLOOKUP(B21,partic_jaccard!$C$1:$E$1128,3,FALSE) -> 0.25925926 | DK21: =VLOOKUP(B21,rtword_jaccard!$C$1:$E$1128,3,FALSE) -> 0.36986301 | DL21: =VLOOKUP(B21,rtword_jaccard!$C$1:$F$1128,4,FALSE) -> 0.41843972 | DM21: =VLOOKUP(B21,rtword_jaccard!$C$1:$G$1128,5,FALSE) -> 0.44230769 | DN21: =VLOOKUP(B21,owner_j_重み付き!$C$1:$E$1128,3) -> 0.02 | DO21: =VLOOKUP(B21,part_j_重み付き!$C$1:$E$1128,3,FALSE) -> 0.14 | DP21: =VLOOKUP(B21,journalsection_jaccard!$C$2:$E$1129,3,FALSE) -> 0.51515152 | DQ21: =VLOOKUP(B21,journalsection_jaccard!$C$2:$F$1129,4,FALSE) -> 0.43884892 | DR21: =VLOOKUP(B21,journalsection_jaccard!$C$2:$G$1129,5,FALSE) -> 0.33928571 | DS21: =VLOOKUP(B21,journalsection_jaccard!$C$2:$H$1129,6,FALSE) -> 0.28205128
A22: 15 | B22: Artificial Intelligence vs Earth Science | C22: 人工知能と地球科学の最先端 | D22: 0.32885474 | E22: 0.17806923 | F22: 0.18577449 | G22: 0.26127335 | H22: 0.06412143 | I22: 0.14277905 | J22: 0.28045082 | K22: 0.9776057 | L22: 0.16955502 | M22: 0.20008527 | N22: 0.10593998 | O22: 0.07918127 | P22: 0.09242069 | Q22: 0.21496269 | R22: 0.08016634 | S22: 0.12590228 | T22: 0.17225996 | U22: 0.34116954 | V22: 0.06855043 | W22: 0.22207665 | X22: 0.36947763 | Y22: 0.11091036 | Z22: 0.10336591 | AA22: 0.03293886 | AB22: 0.13059501 | AC22: 0.28136522 | AD22: 0.21721554 | AE22: -0.068254344 | AF22: 0.2931098 | AG22: 0.2884769 | AH22: 0.29424736 | AI22: 0.24798836 | AJ22: 0.19555023 | AK22: 0.20278387 | AL22: 0.19410203 | AM22: 0.2857124 | AN22: 0.16145897 | AO22: 0.19899674 | AP22: 0.074394606 | AQ22: 0.28050658 | AR22: 0.17356902 | AS22: 0.12074686 | AT22: 0.068983845 | AU22: 0.06800106 | AV22: 0.1180484 | AW22: 0.19809844 | AX22: 0.08356691 | AY22: 0.3087325 | AZ22: 0.95662695 | BA22: 0.14311528 | BB22: 0.03284772 | BC22: 0.34308156 | BD22: 0.1212858 | BE22: 0.12496768 | BF22: 0.2667395 | BG22: -0.00405095 | BH22: -0.07665005 | BI22: 0.22464877 | BJ22: 0.24462338 | BK22: 0.18485326 | BL22: 0.23346892 | BM22: 0.22306189 | BN22: 0.15220372 | BO22: 0.17798682 | BP22: 0.26565927 | BQ22: 0.1444228 | BR22: -0.04060472 | BS22: 0.12535836 | BT22: 0.2965203 | BU22: 0.24850552 | BV22: 0.073194385 | BW22: 0.14575036 | BX22: 0.32871112 | BY22: 0.048721258 | BZ22: 0.14211103 | CA22: 0.23763019 | CB22: 0.23738834 | CC22: 0.30458233 | CD22: 0.23346208 | CE22: 0.2223624 | CF22: 0.16029319 | CG22: 0.19561687 | CH22: 0.16966072 | CI22: 0.07472849 | CJ22: 0.13905546 | CK22: 0.22078176 | CL22: 0.17274787 | CM22: 0.06482942 | CN22: 0.22476824 | CO22: 0.13310345 | CP22: 0.18917671 | CQ22: 0.12750679 | CR22: 0.20708407 | CS22: 0.06938652 | CT22: 0.22989121 | CU22: 0.0031079464 | CV22: 0.08946118 | CW22: 0.060942408 | CX22: 0.20460744 | CY22: 0.12457978 | CZ22: 0.28266883 | DA22: 0.16973795 | DB22: 0.24068472 | DC22: 0.96334034 | DD22: 0.31138194 | DE22: 0.011199646 | DF22: =AVERAGE(D22:J22,L22:AY22,BA22:DB22,DD22:DE22) -> 0.17117712 | DG22: =IF(DF22>=0.25,1,0) -> 0 | DH22: 0 | DI22: =VLOOKUP(B22,owner_jaccard!$C$1:$E$1128,3,FALSE) -> 0.09375 | DJ22: =VLOOKUP(B22,partic_jaccard!$C$1:$E$1128,3,FALSE) -> 0.16 | DK22: =VLOOKUP(B22,rtword_jaccard!$C$1:$E$1128,3,FALSE) -> 0.25 | DL22: =VLOOKUP(B22,rtword_jaccard!$C$1:$F$1128,4,FALSE) -> 0.22699387 | DM22: =VLOOKUP(B22,rtword_jaccard!$C$1:$G$1128,5,FALSE) -> 0.24481328 | DN22: =VLOOKUP(B22,owner_j_重み付き!$C$1:$E$1128,3) -> 0.002 | DO22: =VLOOKUP(B22,part_j_重み付き!$C$1:$E$1128,3,FALSE) -> 0.0163 | DP22: =VLOOKUP(B22,journalsection_jaccard!$C$2:$E$1129,3,FALSE) -> 0.44927536 | DQ22: =VLOOKUP(B22,journalsection_jaccard!$C$2:$F$1129,4,FALSE) -> 0.34228188 | DR22: =VLOOKUP(B22,journalsection_jaccard!$C$2:$G$1129,5,FALSE) -> 0.32743363 | DS22: =VLOOKUP(B22,journalsection_jaccard!$C$2:$H$1129,6,FALSE) -> 0.11111111
A23: 16 | B23: Artificial Intelligence vs Ecology and Evolution | C23: 人工知能と生態学と進化のフロンティア | D23: 0.20039855 | E23: 0.20314436 | F23: 0.17224275 | G23: 0.27017114 | H23: 0.2826039 | I23: -0.011166667 | J23: 0.28125152 | K23: 0.97642523 | L23: 0.1923145 | M23: 0.13985595 | N23: 0.33411944 | O23: 0.047112904 | P23: 0.26413327 | Q23: 0.2830915 | R23: 0.11762932 | S23: -0.035211008 | T23: 0.2533425 | U23: 0.25998482 | V23: 0.05703334 | W23: 0.25735918 | X23: 0.18539353 | Y23: 0.3465819 | Z23: 0.05316593 | AA23: 0.16239178 | AB23: 0.20590787 | AC23: 0.32507515 | AD23: 0.21929525 | AE23: 0.049294524 | AF23: 0.27034807 | AG23: 0.019281572 | AH23: 0.10187601 | AI23: 0.3911034 | AJ23: 0.2400171 | AK23: 0.17186865 | AL23: 0.14158213 | AM23: 0.1928649 | AN23: -0.10623241 | AO23: 0.16124877 | AP23: 0.27511021 | AQ23: 0.17642583 | AR23: 0.26576638 | AS23: 0.14346257 | AT23: 0.11040377 | AU23: 0.07281126 | AV23: 0.096080124 | AW23: 0.26948616 | AX23: 0.13718092 | AY23: 0.43338144 | AZ23: 0.962762 | BA23: 0.15611552 | BB23: 0.24533941 | BC23: 0.07452826 | BD23: 0.07307469 | BE23: 0.22198804 | BF23: 0.26860714 | BG23: 0.25765705 | BH23: -0.08988427 | BI23: 0.31020665 | BJ23: 0.21599023 | BK23: 0.13389468 | BL23: 0.0677354 | BM23: 0.280758 | BN23: 0.17219287 | BO23: 0.34198588 | BP23: 0.17117125 | BQ23: 0.18520789 | BR23: -0.10058872 | BS23: 0.28470588 | BT23: 0.20035489 | BU23: 0.19973905 | BV23: 0.17974016 | BW23: 0.13159452 | BX23: 0.3702137 | BY23: 0.14089814 | BZ23: 0.07799965 | CA23: 0.16121577 | CB23: 0.12401138 | CC23: 0.27840978 | CD23: 0.14224385 | CE23: 0.23707053 | CF23: 0.09536341 | CG23: 0.26822823 | CH23: 0.12692294 | CI23: 0.2985948 | CJ23: 0.17676246 | CK23: 0.13951324 | CL23: 0.26155573 | CM23: 0.14669469 | CN23: 0.2553966 | CO23: 0.011209543 | CP23: 0.33689502 | CQ23: 0.16931769 | CR23: 0.4029187 | CS23: 0.33645913 | CT23: 0.29197097 | CU23: -0.12657402 | CV23: 0.1820191 | CW23: 0.16748042 | CX23: 0.16727155 | CY23: 0.21812905 | CZ23: 0.32535192 | DA23: 0.051342487 | DB23: 0.26057944 | DC23: 0.971591 | DD23: 0.21235316 | DE23: 0.092729434 | DF23: =AVERAGE(D23:J23,L23:AY23,BA23:DB23,DD23:DE23) -> 0.18508007 | DG23: =IF(DF23>=0.25,1,0) -> 0 | DH23: 0 | DI23: =VLOOKUP(B23,owner_jaccard!$C$1:$E$1128,3,FALSE) -> 0.17948718 | DJ23: =VLOOKUP(B23,partic_jaccard!$C$1:$E$1128,3,FALSE) -> 0.2 | DK23: =VLOOKUP(B23,rtword_jaccard!$C$1:$E$1128,3,FALSE) -> 0.19047619 | DL23: =VLOOKUP(B23,rtword_jaccard!$C$1:$F$1128,4,FALSE) -> 0.21212121 | DM23: =VLOOKUP(B23,rtword_jaccard!$C$1:$G$1128,5,FALSE) -> 0.25 | DN23: =VLOOKUP(B23,owner_j_重み付き!$C$1:$E$1128,3) -> 0.0078 | DO23: =VLOOKUP(B23,part_j_重み付き!$C$1:$E$1128,3,FALSE) -> 0.03 | DP23: =VLOOKUP(B23,journalsection_jaccard!$C$2:$E$1129,3,FALSE) -> 0.26582278 | DQ23: =VLOOKUP(B23,journalsection_jaccard!$C$2:$F$1129,4,FALSE) -> 0.27388535 | DR23: =VLOOKUP(B23,journalsection_jaccard!$C$2:$G$1129,5,FALSE) -> 0.27118644 | DS23: =VLOOKUP(B23,journalsection_jaccard!$C$2:$H$1129,6,FALSE) -> 0.063829787
... A55: 48 | B55: Computer Science vs Psychology | C55: コンピュータサイエンス vs 心理学 | D55: 0.05032115 | E55: -0.006511974 | F55: 0.09261271 | G55: 0.14127353 | H55: 0.024073452 | I55: -0.03424213 | J55: 0.02125021 | K55: 0.98681945 | L55: -0.063864306 | M55: 0.12244655 | N55: 0.25964284 | O55: 0.07860828 | P55: -0.004127651 | Q55: 0.25330165 | R55: 0.0930247 | S55: -0.05205575 | T55: 0.20160392 | U55: 0.16573735 | V55: 0.06104762 | W55: 0.057228647 | X55: 0.15858452 | Y55: 0.08259598 | Z55: 0.22902068 | AA55: 0.027992833 | AB55: 0.21710803 | AC55: 0.066966094 | AD55: 0.09628588 | AE55: 0.26231322 | AF55: 0.21931562 | AG55: 0.17264007 | AH55: 0.16259617 | AI55: 0.2666285 | AJ55: 0.27117306 | AK55: 0.17972887 | AL55: 0.13591108 | AM55: 0.043693583 | AN55: 0.14533924 | AO55: 0.04652708 | AP55: 0.14394633 | AQ55: 0.172623 | AR55: 0.19957462 | AS55: 0.1350417 | AT55: 0.22602369 | AU55: 0.17453933 | AV55: 0.08990819 | AW55: 0.14333552 | AX55: 0.11165532 | AY55: 0.10163294 | AZ55: 0.9630468 | BA55: 0.05633061 | BB55: 0.23604183 | BC55: 0.027157623 | BD55: 0.15601411 | BE55: 0.087609895 | BF55: 0.3197219 | BG55: 0.16238777 | BH55: 0.15925309 | BI55: 0.19443856 | BJ55: 0.14738648 | BK55: 0.23127158 | BL55: 0.09749685 | BM55: 0.14286874 | BN55: 0.011248066 | BO55: 0.21345913 | BP55: 0.23498929 | BQ55: -0.20244186 | BR55: 0.22462504 | BS55: 0.21742113 | BT55: 0.3511752 | BU55: 0.050319582 | BV55: 0.22490983 | BW55: 0.14124238 | BX55: 0.35361516 | BY55: 0.04898981 | BZ55: 0.08860954 | CA55: 0.015785862 | CB55: 0.22242725 | CC55: 0.2869039 | CD55: 0.3677837 | CE55: 0.22041167 | CF55: 0.27731413 | CG55: 0.14361264 | CH55: 0.3198907 | CI55: 0.21679172 | CJ55: 0.3548644 | CK55: 0.20327355 | CL55: 0.30551547 | CM55: 0.22600913 | CN55: 0.18040879 | CO55: 0.083816946 | CP55: 0.18410912 | CQ55: -0.0055849836 | CR55: 0.30206564 | CS55: 0.1727033 | CT55: 0.11350852 | CU55: 0.034367286 | CV55: 0.29747623 | CW55: 0.06418494 | CX55: 0.11784209 | CY55: 0.25595814 | CZ55: 0.30576736 | DA55: 0.16092208 | DB55: 0.22877014 | DC55: 0.96760935 | DD55: 0.0400439 | DE55: 0.20698476 | DF55: =AVERAGE(D55:J55,L55:AY55,BA55:DB55,DD55:DE55) -> 0.1516907 | DG55: =IF(DF55>=0.25,1,0) -> 0 | DH55: 0.12109875 | DI55: =VLOOKUP(B55,owner_jaccard!$C$1:$E$1128,3,FALSE) -> 0.31578947 | DJ55: =VLOOKUP(B55,partic_jaccard!$C$1:$E$1128,3,FALSE) -> 0.21875 | DK55: =VLOOKUP(B55,rtword_jaccard!$C$1:$E$1128,3,FALSE) -> 0.20481928 | DL55: =VLOOKUP(B55,rtword_jaccard!$C$1:$F$1128,4,FALSE) -> 0.29032258 | DM55: =VLOOKUP(B55,rtword_jaccard!$C$1:$G$1128,5,FALSE) -> 0.33928571 | DN55: =VLOOKUP(B55,owner_j_重み付き!$C$1:$E$1128,3) -> 0.0069 | DO55: =VLOOKUP(B55,part_j_重み付き!$C$1:$E$1128,3,FALSE) -> 0.001 | DP55: =VLOOKUP(B55,journalsection_jaccard!$C$2:$E$1129,3,FALSE) -> 0.49253731 | DQ55: =VLOOKUP(B55,journalsection_jaccard!$C$2:$F$1129,4,FALSE) -> 0.38888889 | DR55: =VLOOKUP(B55,journalsection_jaccard!$C$2:$G$1129,5,FALSE) -> 0.32743363 | DS55: =VLOOKUP(B55,journalsection_jaccard!$C$2:$H$1129,6,FALSE) -> 0.20481928
A56: 49 | B56: Computer Science vs Aging Neuroscience | C56: コンピュータサイエンスと老化神経科学の最前線 | D56: 0.012919266 | E56: 0.064415984 | F56: 0.03715828 | G56: 0.09946664 | H56: 0.14761047 | I56: -0.003573117 | J56: 0.14870808 | K56: 0.98120636 | L56: 0.082497455 | M56: 0.079889365 | N56: 0.27137256 | O56: 0.059751388 | P56: 0.10229699 | Q56: 0.21263984 | R56: 0.20747769 | S56: 0.1837965 | T56: 0.22265226 | U56: 0.14814201 | V56: 0.10882797 | W56: 0.16496989 | X56: 0.21053578 | Y56: 0.40221158 | Z56: 0.019169414 | AA56: 0.24134785 | AB56: 0.15840326 | AC56: 0.2455887 | AD56: -0.05834391 | AE56: 0.072137944 | AF56: 0.027764075 | AG56: 0.20295472 | AH56: 0.1452359 | AI56: 0.17602172 | AJ56: 0.24894345 | AK56: 0.17467248 | AL56: 0.23533957 | AM56: 0.33736902 | AN56: 0.1751896 | AO56: 0.16557987 | AP56: 0.22436719 | AQ56: 0.24580942 | AR56: 0.18165801 | AS56: 0.16832876 | AT56: 0.12907605 | AU56: 0.16087548 | AV56: 0.043448962 | AW56: 0.2266245 | AX56: 0.19575524 | AY56: 0.0068809837 | AZ56: 0.9600832 | BA56: 0.011343374 | BB56: 0.24456108 | BC56: 0.023199173 | BD56: 0.25210914 | BE56: 0.10048603 | BF56: 0.18754676 | BG56: 0.14839314 | BH56: 0.13361011 | BI56: 0.13744873 | BJ56: 0.21152078 | BK56: 0.21585281 | BL56: 0.10317636 | BM56: 0.1258375 | BN56: 0.10939885 | BO56: 0.22778949 | BP56: 0.28331596 | BQ56: 0.15113232 | BR56: 0.08353759 | BS56: -0.014153249 | BT56: 0.19108927 | BU56: -0.02308626 | BV56: 0.3061558 | BW56: 0.13416424 | BX56: 0.19280879 | BY56: 0.048689913 | BZ56: 0.10686611 | CA56: 0.11357018 | CB56: 0.071088545 | CC56: 0.11454762 | CD56: 0.33762512 | CE56: 0.13175933 | CF56: 0.06344273 | CG56: 0.29547343 | CH56: 0.2909076 | CI56: 0.22925189 | CJ56: 0.3625475 | CK56: 0.010298273 | CL56: 0.07351538 | CM56: 0.21194357 | CN56: 0.09263258 | CO56: 0.16884406 | CP56: 0.32720432 | CQ56: 0.11266423 | CR56: 0.19046904 | CS56: 0.33833393 | CT56: 0.11865989 | CU56: 0.059028935 | CV56: 0.19921124 | CW56: 0.025526699 | CX56: 0.21483065 | CY56: 0.16655724 | CZ56: 0.24043134 | DA56: 0.15301003 | DB56: 0.13913049 | DC56: 0.9623609 | DD56: 0.31627 | DE56: 0.18835357 | DF56: =AVERAGE(D56:J56,L56:AY56,BA56:DB56,DD56:DE56) -> 0.15693095 | DG56: =IF(DF56>=0.25,1,0) -> 0 | DH56: 0.010811493 | DI56: =VLOOKUP(B56,owner_jaccard!$D$1:$E$1128,2,FALSE) -> 0.24390244 | DJ56: =VLOOKUP(B56,partic_jaccard!$D$1:$E$1128,2,FALSE) -> 0.16 | DK56: =VLOOKUP(B56,rtword_jaccard!$D$1:$E$1128,2,FALSE) -> 0.12359551 | DL56: =VLOOKUP(B56,rtword_jaccard!$D$1:$F$1128,3,FALSE) -> 0.1627907 | DM56: =VLOOKUP(B56,rtword_jaccard!$D$1:$G$1128,4,FALSE) -> 0.18110236 | DN56: =VLOOKUP(B56,owner_j_重み付き!$C$1:$E$1128,3) -> 0.0065 | DO56: =VLOOKUP(B56,part_j_重み付き!$D$1:$E$1128,2,FALSE) -> 0.045 | DP56: =VLOOKUP(B56,journalsection_jaccard!$C$2:$E$1129,3,FALSE) -> 0.25 | DQ56: =VLOOKUP(B56,journalsection_jaccard!$C$2:$F$1129,4,FALSE) -> 0.31578947 | DR56: =VLOOKUP(B56,journalsection_jaccard!$C$2:$G$1129,5,FALSE) -> 0.2345679 | DS56: =VLOOKUP(B56,journalsection_jaccard!$C$2:$H$1129,6,FALSE) -> 0.12359551
A57: 50 | B57: Computer Science vs Applied Mathematics and Statistics | C57: コンピュータサイエンスと応用数学・統計学の最先端 | D57: 0.013995793 | E57: 0.019909006 | F57: -0.004121613 | G57: 0.10618397 | H57: -0.030587558 | I57: -0.029962702 | J57: 0.036234364 | K57: 0.98930573 | L57: 0.019975929 | M57: 0.049446367 | N57: 0.13786413 | O57: 0.14829223 | P57: -0.06748949 | Q57: 0.059647337 | R57: 0.05264063 | S57: 0.12446973 | T57: 0.3099288 | U57: 0.23426631 | V57: 0.13050403 | W57: 0.26225722 | X57: 0.1525547 | Y57: 0.05562035 | Z57: 0.018879835 | AA57: -0.0062732934 | AB57: -0.04855779 | AC57: 0.13367367 | AD57: -0.0726407 | AE57: -0.033224635 | AF57: 0.10580537 | AG57: 0.3362845 | AH57: 0.22899099 | AI57: 0.030420246 | AJ57: 0.17080681 | AK57: 0.24424669 | AL57: 0.27815565 | AM57: 0.09723368 | AN57: 0.19059408 | AO57: 0.17824961 | AP57: 0.17430048 | AQ57: 0.21759367 | AR57: 0.5360315 | AS57: 0.11837845 | AT57: 0.11628571 | AU57: -0.050729077 | AV57: 0.36998653 | AW57: 0.2066907 | AX57: 0.016526697 | AY57: 0.08802228 | AZ57: 0.9265349 | BA57: 0.018880552 | BB57: 0.29562134 | BC57: 0.19097377 | BD57: 0.34808284 | BE57: 0.19746584 | BF57: 0.3585236 | BG57: 0.24168113 | BH57: 0.06838633 | BI57: 0.11454466 | BJ57: 0.23263445 | BK57: 0.10089728 | BL57: 0.15068586 | BM57: 0.26503357 | BN57: -0.04501746 | BO57: 0.30733398 | BP57: 0.26233006 | BQ57: 0.034534186 | BR57: 0.3435537 | BS57: -0.0021392028 | BT57: -0.034468 | BU57: 0.089499004 | BV57: 0.10195342 | BW57: 0.19546771 | BX57: 0.2049264 | BY57: 0.10690866 | BZ57: 0.011461679 | CA57: 0.2947833 | CB57: 0.20686175 | CC57: 0.17693582 | CD57: 0.21514711 | CE57: 0.25616518 | CF57: 0.24066609 | CG57: -0.045958567 | CH57: 0.3259002 | CI57: 0.15592216 | CJ57: 0.22997701 | CK57: 0.073944405 | CL57: 0.018165866 | CM57: 0.13847284 | CN57: 0.45189136 | CO57: 0.09756918 | CP57: 0.12883171 | CQ57: 0.3046626 | CR57: 0.28915405 | CS57: 0.047020417 | CT57: 0.24657482 | CU57: 0.18116124 | CV57: 0.06266208 | CW57: 0.02772107 | CX57: 0.20238009 | CY57: 0.055708777 | CZ57: 0.13724773 | DA57: 0.17271134 | DB57: 0.13652115 | DC57: 0.95219857 | DD57: 0.41531828 | DE57: 0.26404232 | DF57: =AVERAGE(D57:J57,L57:AY57,BA57:DB57,DD57:DE57) -> 0.1465561 | DG57: =IF(DF57>=0.25,1,0) -> 0 | DH57: 0.0060240964 | DI57: =VLOOKUP(B57,owner_jaccard!$D$1:$E$1128,2,FALSE) -> 0.25714286 | DJ57: =VLOOKUP(B57,partic_jaccard!$D$1:$E$1128,2,FALSE) -> 0.30769231 | DK57: =VLOOKUP(B57,rtword_jaccard!$D$1:$E$1128,2,FALSE) -> 0.20481928 | DL57: =VLOOKUP(B57,rtword_jaccard!$D$1:$F$1128,3,FALSE) -> 0.29032258 | DM57: =VLOOKUP(B57,rtword_jaccard!$D$1:$G$1128,4,FALSE) -> 0.31578947 | DN57: =VLOOKUP(B57,owner_j_重み付き!$C$1:$E$1128,3) -> 0.0065 | DO57: =VLOOKUP(B57,part_j_重み付き!$D$1:$E$1128,2,FALSE) -> 0.1429 | DP57: =VLOOKUP(B57,journalsection_jaccard!$D$2:$E$1129,2,FALSE) -> 0.44927536 | DQ57: =VLOOKUP(B57,journalsection_jaccard!$D$2:$F$1129,3,FALSE) -> 0.52671756 | DR57: =VLOOKUP(B57,journalsection_jaccard!$D$2:$G$1129,4,FALSE) -> 0.4354067 | DS57: =VLOOKUP(B57,journalsection_jaccard!$D$2:$H$1129,5,FALSE) -> 0.33333333
A58: 51 | B58: Computer Science vs Astronomy and Space Sciences | C58: コンピュータサイエンスと天文学および宇宙科学の最先端 | D58: 0.070126705 | E58: -0.028350424 | F58: 0.15933138 | G58: 0.023527997 | H58: 0.027906042 | I58: 0.061800342 | J58: 0.13855638 | K58: 0.9845483 | L58: 0.25356033 | M58: 0.06329187 | N58: 0.18902834 | O58: 0.00380898 | P58: 0.10342009 | Q58: -0.07226007 | R58: 0.15014762 | S58: 0.31276467 | T58: 0.19472234 | U58: 0.025561562 | V58: 0.17346145 | W58: 0.009926544 | X58: 0.008774468 | Y58: 0.1455135 | Z58: 0.11853895 | AA58: 0.011821798 | AB58: 0.075780876 | AC58: 0.09212231 | AD58: -0.04321265 | AE58: 0.36841077 | AF58: 0.12643488 | AG58: 0.2764596 | AH58: -0.10902791 | AI58: 0.21766832 | AJ58: 0.14337556 | AK58: 0.017853435 | AL58: 0.26864642 | AM58: 0.26906404 | AN58: 0.020041995 | AO58: 0.18902025 | AP58: 0.087347895 | AQ58: 0.093811505 | AR58: 0.12604271 | AS58: 0.19044256 | AT58: 0.25731567 | AU58: 0.03219575 | AV58: 0.06783776 | AW58: 0.09349302 | AX58: 0.10506443 | AY58: 0.19663331 | AZ58: 0.906866 | BA58: 0.052423432 | BB58: 0.1266161 | BC58: 0.2672312 | BD58: 0.19432192 | BE58: 0.16142741 | BF58: 0.13863747 | BG58: 0.41012225 | BH58: 0.1875832 | BI58: 0.011328922 | BJ58: 0.22377178 | BK58: 0.14735658 | BL58: 0.17787594 | BM58: 0.21754175 | BN58: 0.21180826 | BO58: 0.21554923 | BP58: 0.14269108 | BQ58: 0.058774523 | BR58: 0.23570481 | BS58: 0.16749787 | BT58: -0.036310412 | BU58: -0.09731681 | BV58: 0.20024109 | BW58: 0.27291927 | BX58: 0.27388662 | BY58: 0.087085605 | BZ58: 0.11781939 | CA58: 0.0556235 | CB58: 0.10411688 | CC58: 0.35926738 | CD58: 0.25014466 | CE58: 0.030047925 | CF58: 0.03812658 | CG58: 0.04899985 | CH58: 0.24532464 | CI58: 0.28887713 | CJ58: 0.41039324 | CK58: 0.11064792 | CL58: 0.15188208 | CM58: 0.019199468 | CN58: 0.49368566 | CO58: -0.07752907 | CP58: 0.12736067 | CQ58: -0.05430469 | CR58: 0.18542647 | CS58: 0.15057065 | CT58: 0.10332886 | CU58: 0.08492082 | CV58: 0.19028153 | CW58: 0.04486363 | CX58: -0.055052396 | CY58: 0.32354409 | CZ58: 0.35189018 | DA58: 0.03127579 | DB58: 0.34122804 | DC58: 0.9522779 | DD58: 0.34403983 | DE58: 0.31121236 | DF58: =AVERAGE(D58:J58,L58:AY58,BA58:DB58,DD58:DE58) -> 0.14061928 | DG58: =IF(DF58>=0.25,1,0) -> 0 | DH58: 0 | DI58: =VLOOKUP(B58,owner_jaccard!$D$1:$E$1128,2,FALSE) -> 0.1 | DJ58: =VLOOKUP(B58,partic_jaccard!$D$1:$E$1128,2,FALSE) -> 0.18181818 | DK58: =VLOOKUP(B58,rtword_jaccard!$D$1:$E$1128,2,FALSE) -> 0.11111111 | DL58: =VLOOKUP(B58,rtword_jaccard!$D$1:$F$1128,3,FALSE) -> 0.16959064 | DM58: =VLOOKUP(B58,rtword_jaccard!$D$1:$G$1128,4,FALSE) -> 0.2 | DN58: =VLOOKUP(B58,owner_j_重み付き!$C$1:$E$1128,3) -> 0.0065 | DO58: =VLOOKUP(B58,part_j_重み付き!$D$1:$E$1128,2,FALSE) -> 0.0597 | DP58: =VLOOKUP(B58,journalsection_jaccard!$D$2:$E$1129,2,FALSE) -> 0.4084507 | DQ58: =VLOOKUP(B58,journalsection_jaccard!$D$2:$F$1129,3,FALSE) -> 0.34228188 | DR58: =VLOOKUP(B58,journalsection_jaccard!$D$2:$G$1129,4,FALSE) -> 0.31004367 | DS58: =VLOOKUP(B58,journalsection_jaccard!$D$2:$H$1129,5,FALSE) -> 0.13636364
A59: 52 | B59: Computer Science vs Big Data | C59: コンピュータサイエンスとビッグデータのフロンティア | D59: -0.021194372 | E59: -0.10056515 | F59: 0.023958389 | G59: 0.07726137 | H59: 0.14871077 | I59: -0.1407917 | J59: -0.014251499 | K59: 0.9918916 | L59: 0.2529353 | M59: 0.38233456 | N59: 0.15394604 | O59: 0.12978977 | P59: 0.25199687 | Q59: 0.29222 | R59: 0.19366995 | S59: 0.1609162 | T59: 0.21411116 | U59: 0.09051531 | V59: 0.13087958 | W59: 0.16938323 | X59: 0.10673845 | Y59: 0.21122049 | Z59: 0.06746108 | AA59: 0.097994655 | AB59: 0.1764257 | AC59: 0.25005168 | AD59: 0.12211977 | AE59: -0.02247801 | AF59: 0.12583362 | AG59: 0.3330413 | AH59: -0.16629116 | AI59: 0.23002137 | AJ59: 0.21264088 | AK59: 0.20564833 | AL59: 0.2968237 | AM59: 0.15598238 | AN59: 0.29908952 | AO59: 0.13996534 | AP59: 0.3532246 | AQ59: 0.1236637 | AR59: 0.36394742 | AS59: 0.26513714 | AT59: 0.19896786 | AU59: 0.32134402 | AV59: -0.0421028 | AW59: 0.17954727 | AX59: 0.126126 | AY59: 0.05582485 | AZ59: 0.93273723 | BA59: 0.002282845 | BB59: 0.42409626 | BC59: 0.20107658 | BD59: 0.24533427 | BE59: 0.19642955 | BF59: 0.3015442 | BG59: 0.23492588 | BH59: 0.18774316 | BI59: 0.029719908 | BJ59: 0.2862101 | BK59: 0.085102744 | BL59: 0.15318845 | BM59: 0.17252237 | BN59: 0.16016611 | BO59: 0.27424318 | BP59: 0.29337388 | BQ59: -0.019383773 | BR59: 0.084513254 | BS59: 0.21546268 | BT59: 0.15678272 | BU59: 0.14792117 | BV59: 0.26142752 | BW59: 0.15466563 | BX59: 0.29298553 | BY59: 0.29956344 | BZ59: 0.21931258 | CA59: 0.15002745 | CB59: 0.22589906 | CC59: 0.4460111 | CD59: 0.3284174 | CE59: 0.3216639 | CF59: 0.096878044 | CG59: 0.22769782 | CH59: 0.27686483 | CI59: 0.07623357 | CJ59: 0.16539808 | CK59: 0.21805963 | CL59: 0.2816774 | CM59: 0.20564379 | CN59: 0.40139017 | CO59: 0.18001778 | CP59: 0.18071711 | CQ59: 0.09370192 | CR59: 0.16695 | CS59: 0.11272275 | CT59: 0.19985746 | CU59: 0.16910942 | CV59: 0.2648303 | CW59: 0.3807935 | CX59: 0.2501993 | CY59: 0.16813153 | CZ59: 0.3144071 | DA59: 0.28141615 | DB59: 0.066835865 | DC59: 0.9696754 | DD59: 0.33163294 | DE59: 0.079958335 | DF59: =AVERAGE(D59:J59,L59:AY59,BA59:DB59,DD59:DE59) -> 0.18357426 | DG59: =IF(DF59>=0.25,1,0) -> 0 | DH59: 0.0045180723 | DI59: =VLOOKUP(B59,owner_jaccard!$D$1:$E$1128,2,FALSE) -> 0.25925926 | DJ59: =VLOOKUP(B59,partic_jaccard!$D$1:$E$1128,2,FALSE) -> 0.23529412 | DK59: =VLOOKUP(B59,rtword_jaccard!$D$1:$E$1128,2,FALSE) -> 0.42857143 | DL59: =VLOOKUP(B59,rtword_jaccard!$D$1:$F$1128,3,FALSE) -> 0.43884892 | DM59: =VLOOKUP(B59,rtword_jaccard!$D$1:$G$1128,4,FALSE) -> 0.47783251 | DN59: =VLOOKUP(B59,owner_j_重み付き!$C$1:$E$1128,3) -> 0.0065 | DO59: =VLOOKUP(B59,part_j_重み付き!$D$1:$E$1128,2,FALSE) -> 0.0761 | DP59: =VLOOKUP(B59,journalsection_jaccard!$D$2:$E$1129,2,FALSE) -> 0.42857143 | DQ59: =VLOOKUP(B59,journalsection_jaccard!$D$2:$F$1129,3,FALSE) -> 0.42857143 | DR59: =VLOOKUP(B59,journalsection_jaccard!$D$2:$G$1129,4,FALSE) -> 0.38248848 | DS59: =VLOOKUP(B59,journalsection_jaccard!$D$2:$H$1129,5,FALSE) -> 0.2345679
A60: 53 | B60: Computer Science vs Bioengineering and Biotechnology | C60: コンピュータサイエンスとバイオエンジニアリングおよびバイオテクノロジーの最先端 | D60: 0.1858028 | E60: 0.05416823 | F60: 0.20769885 | G60: 0.24863899 | H60: 0.23547335 | I60: 0.07887298 | J60: 0.061643478 | K60: 0.98033786 | L60: 0.16381077 | M60: 0.26032266 | N60: 0.18703297 | O60: -0.09267507 | P60: 0.12349235 | Q60: 0.25641233 | R60: 0.1301501 | S60: 0.1381536 | T60: 0.26068214 | U60: 0.13370222 | V60: 0.07580636 | W60: 0.16587166 | X60: 0.15528142 | Y60: 0.16887224 | Z60: 0.3235354 | AA60: 0.12928061 | AB60: 0.29016778 | AC60: 0.31758022 | AD60: -0.0556544 | AE60: 0.15087171 | AF60: 0.16902182 | AG60: 0.12172501 | AH60: 0.16356176 | AI60: 0.15032665 | AJ60: 0.17223336 | AK60: 0.10664432 | AL60: 0.18967173 | AM60: 0.30882484 | AN60: 0.037206873 | AO60: 0.13876463 | AP60: 0.15623139 | AQ60: 0.08085273 | AR60: 0.2855496 | AS60: -0.24590947 | AT60: 0.18412569 | AU60: 0.2781013 | AV60: 0.13278763 | AW60: 0.20141642 | AX60: 0.25787967 | AY60: 0.11053124 | AZ60: 0.9572538 | BA60: 0.19785637 | BB60: 0.06846256 | BC60: -0.011817265 | BD60: 0.26703635 | BE60: 0.09691235 | BF60: 0.11716643 | BG60: 0.20202945 | BH60: 0.0562513 | BI60: 0.15937898 | BJ60: 0.25938213 | BK60: 0.38506463 | BL60: 0.19887291 | BM60: 0.11371891 | BN60: 0.09284504 | BO60: 0.2556414 | BP60: 0.31106088 | BQ60: 0.0064787683 | BR60: 0.21970744 | BS60: 0.11360037 | BT60: 0.25075862 | BU60: 0.14733551 | BV60: -0.13546573 | BW60: 0.19827221 | BX60: 0.21125142 | BY60: 0.057399057 | BZ60: 0.22343 | CA60: 0.18411756 | CB60: 0.07520238 | CC60: 0.28293723 | CD60: 0.2030777 | CE60: 0.050462317 | CF60: 0.1086508 | CG60: 0.038792323 | CH60: 0.11164323 | CI60: 0.14399175 | CJ60: 0.15248293 | CK60: 0.10469922 | CL60: 0.08320669 | CM60: 0.27327442 | CN60: -0.053496886 | CO60: 0.11629171 | CP60: 0.40166292 | CQ60: 0.04448091 | CR60: 0.21003526 | CS60: 0.23310372 | CT60: 0.039980963 | CU60: 0.06998102 | CV60: 0.15055348 | CW60: 0.09942301 | CX60: 0.19561142 | CY60: 0.28374153 | CZ60: 0.39545456 | DA60: 0.146325 | DB60: 0.13000777 | DC60: 0.9697636 | DD60: 0.2867434 | DE60: 0.1128956 | DF60: =AVERAGE(D60:J60,L60:AY60,BA60:DB60,DD60:DE60) -> 0.15623793 | DG60: =IF(DF60>=0.25,1,0) -> 0 | DH60: 0.0060240964 | DI60: =VLOOKUP(B60,owner_jaccard!$D$1:$E$1128,2,FALSE) -> 0.22916667 | DJ60: =VLOOKUP(B60,partic_jaccard!$D$1:$E$1128,2,FALSE) -> 0.1875 | DK60: =VLOOKUP(B60,rtword_jaccard!$D$1:$E$1128,2,FALSE) -> 0.2195122 | DL60: =VLOOKUP(B60,rtword_jaccard!$D$1:$F$1128,3,FALSE) -> 0.25786164 | DM60: =VLOOKUP(B60,rtword_jaccard!$D$1:$G$1128,4,FALSE) -> 0.25523013 | DN60: =VLOOKUP(B60,owner_j_重み付き!$C$1:$E$1128,3) -> 0.0065 | DO60: =VLOOKUP(B60,part_j_重み付き!$D$1:$E$1128,2,FALSE) -> 0.0217 | DP60: =VLOOKUP(B60,journalsection_jaccard!$D$2:$E$1129,2,FALSE) -> 0.2345679 | DQ60: =VLOOKUP(B60,journalsection_jaccard!$D$2:$F$1129,3,FALSE) -> 0.30718954 | DR60: =VLOOKUP(B60,journalsection_jaccard!$D$2:$G$1129,4,FALSE) -> 0.28205128 | DS60: =VLOOKUP(B60,journalsection_jaccard!$D$2:$H$1129,5,FALSE) -> 0.19047619
A61: 54 | B61: Computer Science vs Cardiovascular Medicine | C61: コンピュータサイエンスと心臓血管医学の最先端 | D61: 0.17237912 | E61: 0.013190241 | F61: 0.23195434 | G61: 0.23921975 | H61: 0.13186756 | I61: 0.097026765 | J61: -0.03293708 | K61: 0.9799636 | L61: 0.25629643 | M61: 0.22215584 | N61: 0.18917473 | O61: 0.06343032 | P61: 0.26018867 | Q61: 0.3499404 | R61: -0.0026033733 | S61: 0.029407524 | T61: 0.2520001 | U61: -0.014957474 | V61: 0.06325031 | W61: 0.20134331 | X61: 0.15411523 | Y61: 0.08572127 | Z61: 0.24351151 | AA61: -0.014864502 | AB61: 0.2615374 | AC61: 0.12977417 | AD61: -0.0056989123 | AE61: 0.13105594 | AF61: 0.20100456 | AG61: -0.050187696 | AH61: 0.13000509 | AI61: 0.09597805 | AJ61: 0.2758566 | AK61: 0.1382231 | AL61: 0.19336697 | AM61: 0.20408031 | AN61: 0.05927297 | AO61: 0.14435531 | AP61: 0.34462786 | AQ61: 0.07420345 | AR61: 0.13124608 | AS61: -0.027639195 | AT61: 0.0442927 | AU61: 0.03013638 | AV61: 0.14870636 | AW61: 0.19390683 | AX61: 0.070284106 | AY61: 0.05665419 | AZ61: 0.9509967 | BA61: -0.10806493 | BB61: 0.09062766 | BC61: 0.12960525 | BD61: 0.11751533 | BE61: 0.1588722 | BF61: 0.2458565 | BG61: 0.13259248 | BH61: 0.12595285 | BI61: 0.12858629 | BJ61: 0.23178089 | BK61: 0.16465902 | BL61: 0.10054669 | BM61: 0.211879 | BN61: 0.03138959 | BO61: 0.23440503 | BP61: 0.21506242 | BQ61: 0.10264049 | BR61: 0.28058994 | BS61: 0.024190336 | BT61: 0.22881338 | BU61: 0.10366949 | BV61: 0.045278013 | BW61: 0.32108757 | BX61: 0.34995034 | BY61: 0.16324596 | BZ61: 0.06349309 | CA61: 0.16254924 | CB61: 0.048137333 | CC61: 0.10725551 | CD61: 0.34612638 | CE61: 0.10148213 | CF61: 0.06778467 | CG61: 0.24834052 | CH61: 0.22462417 | CI61: 0.17868511 | CJ61: 0.24341528 | CK61: 0.22244161 | CL61: 0.13512325 | CM61: 0.02531794 | CN61: 0.18130183 | CO61: 0.058044795 | CP61: 0.36599165 | CQ61: 0.17946173 | CR61: 0.22565022 | CS61: 0.28874293 | CT61: 0.11478724 | CU61: 0.026555503 | CV61: 0.1808279 | CW61: 0.16348372 | CX61: 0.13406466 | CY61: 0.1357545 | CZ61: 0.27882627 | DA61: 0.11999116 | DB61: -0.009426437 | DC61: 0.9636789 | DD61: 0.2842481 | DE61: 0.1286952 | DF61: =AVERAGE(D61:J61,L61:AY61,BA61:DB61,DD61:DE61) -> 0.14590643 | DG61: =IF(DF61>=0.25,1,0) -> 0 | DH61: 0 | DI61: =VLOOKUP(B61,owner_jaccard!$D$1:$E$1128,2,FALSE) -> 0.11111111 | DJ61: =VLOOKUP(B61,partic_jaccard!$D$1:$E$1128,2,FALSE) -> 0.11538462 | DK61: =VLOOKUP(B61,rtword_jaccard!$D$1:$E$1128,2,FALSE) -> 0.12359551 | DL61: =VLOOKUP(B61,rtword_jaccard!$D$1:$F$1128,3,FALSE) -> 0.16959064 | DM61: =VLOOKUP(B61,rtword_jaccard!$D$1:$G$1128,4,FALSE) -> 0.19047619 | DN61: =VLOOKUP(B61,owner_j_重み付き!$C$1:$E$1128,3) -> 0.0065 | DO61: =VLOOKUP(B61,part_j_重み付き!$D$1:$E$1128,2,FALSE) -> 0.02 | DP61: =VLOOKUP(B61,journalsection_jaccard!$D$2:$E$1129,2,FALSE) -> 0.4084507 | DQ61: =VLOOKUP(B61,journalsection_jaccard!$D$2:$F$1129,3,FALSE) -> 0.32450331 | DR61: =VLOOKUP(B61,journalsection_jaccard!$D$2:$G$1129,4,FALSE) -> 0.28755365 | DS61: =VLOOKUP(B61,journalsection_jaccard!$D$2:$H$1129,5,FALSE) -> 0.1627907
A62: 55 | B62: Computer Science vs Cell and Developmental Biology | C62: コンピュータサイエンスと細胞・発生生物学の最前線 | D62: 0.01998377 | E62: -0.067760974 | F62: 0.25053546 | G62: 0.066667914 | H62: 0.25023833 | I62: 0.011030212 | J62: 0.37071714 | K62: 0.9845484 | L62: 0.1660327 | M62: 0.18070419 | N62: 0.1240199 | O62: -0.020764388 | P62: 0.1862556 | Q62: 0.12611423 | R62: 0.2848651 | S62: 0.05567951 | T62: 0.11637095 | U62: 0.068287805 | V62: 0.1399414 | W62: 0.021216862 | X62: 0.23031847 | Y62: 0.0035815765 | Z62: 0.25842738 | AA62: 0.033003006 | AB62: 0.15287356 | AC62: 0.23508644 | AD62: -0.1920205 | AE62: 0.010055381 | AF62: 0.10499315 | AG62: 0.031594157 | AH62: -0.0005100213 | AI62: 0.21080387 | AJ62: 0.24637121 | AK62: 0.044290174 | AL62: -0.017306294 | AM62: 0.2209864 | AN62: 0.16407412 | AO62: 0.34547594 | AP62: 0.3112135 | AQ62: 0.0052955514 | AR62: 0.020469006 | AS62: 0.05489142 | AT62: 0.0592214 | AU62: 0.0883852 | AV62: 0.13411859 | AW62: 0.14174648 | AX62: 0.08035531 | AY62: 0.13539493 | AZ62: 0.95742834 | BA62: 0.08053386 | BB62: 0.03127725 | BC62: -0.02243587 | BD62: -0.013676829 | BE62: 0.12284476 | BF62: -0.07564146 | BG62: 0.11621621 | BH62: 0.19345772 | BI62: 0.23043637 | BJ62: -0.005286118 | BK62: 0.15426835 | BL62: 0.2184796 | BM62: 0.035072785 | BN62: -0.012656828 | BO62: 0.19695342 | BP62: 0.047499888 | BQ62: 0.06042572 | BR62: 0.14992714 | BS62: 0.19132204 | BT62: 0.15886968 | BU62: 0.10227494 | BV62: 0.058988906 | BW62: 0.12846138 | BX62: 0.28835222 | BY62: 0.15045357 | BZ62: 0.11463435 | CA62: 0.24494205 | CB62: 0.21687773 | CC62: 0.10818827 | CD62: 0.11016224 | CE62: 0.1468098 | CF62: 0.15809849 | CG62: 0.06448841 | CH62: 0.22060329 | CI62: 0.14724375 | CJ62: 0.18148792 | CK62: 0.12879014 | CL62: 0.13343367 | CM62: 0.19625428 | CN62: 0.08132838 | CO62: 0.13551217 | CP62: 0.27445334 | CQ62: 0.009378256 | CR62: 0.21925202 | CS62: 0.18924865 | CT62: -0.18458764 | CU62: 0.08895547 | CV62: 0.12356667 | CW62: 0.028235935 | CX62: 0.14142603 | CY62: 0.15070492 | CZ62: 0.3222838 | DA62: 0.16723976 | DB62: 0.19169493 | DC62: 0.9621826 | DD62: 0.26633883 | DE62: 0.060041364 | DF62: =AVERAGE(D62:J62,L62:AY62,BA62:DB62,DD62:DE62) -> 0.12123137 | DG62: =IF(DF62>=0.25,1,0) -> 0 | DH62: 0 | DI62: =VLOOKUP(B62,owner_jaccard!$D$1:$E$1128,2,FALSE) -> 0.15909091 | DJ62: =VLOOKUP(B62,partic_jaccard!$D$1:$E$1128,2,FALSE) -> 0.16666667 | DK62: =VLOOKUP(B62,rtword_jaccard!$D$1:$E$1128,2,FALSE) -> 0.12359551 | DL62: =VLOOKUP(B62,rtword_jaccard!$D$1:$F$1128,3,FALSE) -> 0.15606936 | DM62: =VLOOKUP(B62,rtword_jaccard!$D$1:$G$1128,4,FALSE) -> 0.171875 | DN62: =VLOOKUP(B62,owner_j_重み付き!$C$1:$E$1128,3) -> 0.0065 | DO62: =VLOOKUP(B62,part_j_重み付き!$D$1:$E$1128,2,FALSE) -> 0.0134 | DP62: =VLOOKUP(B62,journalsection_jaccard!$D$2:$E$1129,2,FALSE) -> 0.35135135 | DQ62: =VLOOKUP(B62,journalsection_jaccard!$D$2:$F$1129,3,FALSE) -> 0.26582278 | DR62: =VLOOKUP(B62,journalsection_jaccard!$D$2:$G$1129,4,FALSE) -> 0.2345679 | DS62: =VLOOKUP(B62,journalsection_jaccard!$D$2:$H$1129,5,FALSE) -> 0.086956522
A63: 56 | B63: Computer Science vs Cellular Neuroscience | C63: コンピュータサイエンスと細胞神経科学の最先端 | D63: -0.020572193 | E63: -0.11032544 | F63: 0.013525948 | G63: 0.044153463 | H63: 0.055554993 | I63: 0.05577938 | J63: 0.07318365 | K63: 0.98118174 | L63: -0.1186967 | M63: 0.12889773 | N63: 0.0058660936 | O63: 0.056638815 | P63: 0.06588428 | Q63: 0.22288503 | R63: 0.16219857 | S63: -0.0074866386 | T63: 0.25802842 | U63: 0.12001049 | V63: -0.033313427 | W63: 0.05928021 | X63: 0.11015683 | Y63: 0.11187157 | Z63: 0.23420945 | AA63: 0.12964836 | AB63: 0.20644449 | AC63: 0.12325481 | AD63: 0.065351084 | AE63: 0.07442486 | AF63: 0.14986113 | AG63: -0.045991275 | AH63: -0.01549549 | AI63: 0.12821789 | AJ63: 0.23984352 | AK63: 0.16007747 | AL63: 0.23008105 | AM63: 0.27283487 | AN63: 0.24356893 | AO63: 0.066551745 | AP63: 0.10293722 | AQ63: 0.1493433 | AR63: 0.22242345 | AS63: -0.16330163 | AT63: -0.003999287 | AU63: -0.08841682 | AV63: -0.05613318 | AW63: 0.11859173 | AX63: 0.16796036 | AY63: -0.06603609 | AZ63: 0.95049334 | BA63: 0.11475469 | BB63: 0.10872931 | BC63: -0.08352 | BD63: 0.21868123 | BE63: 0.060787566 | BF63: 0.14721718 | BG63: 0.011515076 | BH63: 0.005182271 | BI63: 0.22146076 | BJ63: 0.1148393 | BK63: 0.15183753 | BL63: 0.15861833 | BM63: 0.03522536 | BN63: 0.003194746 | BO63: 0.21785848 | BP63: 0.2138801 | BQ63: -0.007486326 | BR63: 0.25772557 | BS63: -0.052733645 | BT63: 0.15302116 | BU63: 0.1295474 | BV63: 0.06707422 | BW63: 0.09222988 | BX63: 0.3006749 | BY63: 0.061678268 | BZ63: 0.2500208 | CA63: 0.15307726 | CB63: 0.24835637 | CC63: 0.16252437 | CD63: 0.14867067 | CE63: 0.18651314 | CF63: 0.27754515 | CG63: 0.1623871 | CH63: 0.3585505 | CI63: 0.1385147 | CJ63: 0.19420059 | CK63: 0.026522828 | CL63: 0.13794334 | CM63: 0.17542078 | CN63: -0.018373154 | CO63: 0.0317495 | CP63: 0.24031468 | CQ63: 0.12929869 | CR63: 0.2786434 | CS63: 0.31379005 | CT63: 0.12747432 | CU63: -0.03043714 | CV63: 0.093692094 | CW63: 0.08960292 | CX63: 0.05938756 | CY63: 0.2169951 | CZ63: 0.034424797 | DA63: 0.24952707 | DB63: 0.11714003 | DC63: 0.94587445 | DD63: 0.1314318 | DE63: 0.04371288 | DF63: =AVERAGE(D63:J63,L63:AY63,BA63:DB63,DD63:DE63) -> 0.11000377 | DG63: =IF(DF63>=0.25,1,0) -> 0 | DH63: 0 | DI63: =VLOOKUP(B63,owner_jaccard!$D$1:$E$1128,2,FALSE) -> 0.17391304 | DJ63: =VLOOKUP(B63,partic_jaccard!$D$1:$E$1128,2,FALSE) -> 0.11111111 | DK63: =VLOOKUP(B63,rtword_jaccard!$D$1:$E$1128,2,FALSE) -> 0.086956522 | DL63: =VLOOKUP(B63,rtword_jaccard!$D$1:$F$1128,3,FALSE) -> 0.13636364 | DM63: =VLOOKUP(B63,rtword_jaccard!$D$1:$G$1128,4,FALSE) -> 0.16731518 | DN63: =VLOOKUP(B63,owner_j_重み付き!$C$1:$E$1128,3) -> 0.0065 | DO63: =VLOOKUP(B63,part_j_重み付き!$D$1:$E$1128,2,FALSE) -> 0.0087 | DP63: =VLOOKUP(B63,journalsection_jaccard!$D$2:$E$1129,2,FALSE) -> 0.25 | DQ63: =VLOOKUP(B63,journalsection_jaccard!$D$2:$F$1129,3,FALSE) -> 0.33333333 | DR63: =VLOOKUP(B63,journalsection_jaccard!$D$2:$G$1129,4,FALSE) -> 0.23966942 | DS63: =VLOOKUP(B63,journalsection_jaccard!$D$2:$H$1129,5,FALSE) -> 0.075268817
A64: 57 | B64: Computer Science vs Cellular and Infection Microbiology | C64: コンピュータサイエンスと細胞および感染微生物学の最先端 | D64: -7.41486e-05 | E64: 0.044459146 | F64: 0.15694284 | G64: 0.13035366 | H64: -0.056213573 | I64: -0.06141937 | J64: -0.15173961 | K64: 0.9796702 | L64: -0.006490058 | M64: 0.12071573 | N64: 0.13158983 | O64: 0.018791813 | P64: 0.040121574 | Q64: 0.20226924 | R64: 0.20616604 | S64: 0.039191864 | T64: 0.053887606 | U64: 0.14809881 | V64: -0.054981768 | W64: 0.033359673 | X64: 0.047124986 | Y64: 0.13432135 | Z64: 0.10295378 | AA64: 0.0014585627 | AB64: -0.15582076 | AC64: 0.1858449 | AD64: 0.0065983394 | AE64: 0.05478431 | AF64: 0.19434513 | AG64: 0.13875718 | AH64: -0.03858625 | AI64: 0.21506928 | AJ64: -0.05819902 | AK64: 0.19546312 | AL64: -0.08930446 | AM64: 0.38222313 | AN64: 0.043975227 | AO64: 0.14084618 | AP64: 0.26419535 | AQ64: 0.18915595 | AR64: 0.15585636 | AS64: 0.14885119 | AT64: 0.08029841 | AU64: -0.045135055 | AV64: 0.06833688 | AW64: 0.10588198 | AX64: 0.1479899 | AY64: 0.1570828 | AZ64: 0.9506946 | BA64: 0.053558215 | BB64: 0.018740099 | BC64: 0.016359728 | BD64: 0.26515314 | BE64: 0.11346162 | BF64: 0.03254062 | BG64: 0.11237442 | BH64: 0.197177 | BI64: 0.09952431 | BJ64: 0.008890426 | BK64: 0.1155163 | BL64: 0.084572904 | BM64: 0.3048303 | BN64: 0.025088953 | BO64: 0.24894354 | BP64: 0.22367428 | BQ64: -0.03411036 | BR64: 0.03764235 | BS64: 0.09530337 | BT64: 0.23926659 | BU64: 0.11877859 | BV64: 0.06858851 | BW64: 0.23998462 | BX64: 0.2760345 | BY64: 0.10132988 | BZ64: -0.025489416 | CA64: 0.08277831 | CB64: 0.12718725 | CC64: 0.16672987 | CD64: 0.27924088 | CE64: 0.11448116 | CF64: 0.13906065 | CG64: 0.11500067 | CH64: 0.28293714 | CI64: 0.03773397 | CJ64: 0.28799015 | CK64: 0.15582605 | CL64: 0.05350122 | CM64: 0.16628827 | CN64: 0.21548872 | CO64: 0.020242153 | CP64: 0.15705873 | CQ64: 0.09807925 | CR64: 0.18307929 | CS64: 0.14208114 | CT64: 0.021671696 | CU64: 0.06678432 | CV64: 0.15538502 | CW64: 0.03573546 | CX64: 0.18835011 | CY64: 0.16303574 | CZ64: 0.15176833 | DA64: 0.28097373 | DB64: 0.00834158 | DC64: 0.9715405 | DD64: 0.17187901 | DE64: 0.1078746 | DF64: =AVERAGE(D64:J64,L64:AY64,BA64:DB64,DD64:DE64) -> 0.10663803 | DG64: =IF(DF64>=0.25,1,0) -> 0 | DH64: 0 | DI64: =VLOOKUP(B64,owner_jaccard!$D$1:$E$1128,2,FALSE) -> 0.14285714 | DJ64: =VLOOKUP(B64,partic_jaccard!$D$1:$E$1128,2,FALSE) -> 0.04 | DK64: =VLOOKUP(B64,rtword_jaccard!$D$1:$E$1128,2,FALSE) -> 0.11111111 | DL64: =VLOOKUP(B64,rtword_jaccard!$D$1:$F$1128,3,FALSE) -> 0.14942529 | DM64: =VLOOKUP(B64,rtword_jaccard!$D$1:$G$1128,4,FALSE) -> 0.16731518 | DN64: =VLOOKUP(B64,owner_j_重み付き!$C$1:$E$1128,3) -> 0.0065 | DO64: =VLOOKUP(B64,part_j_重み付き!$D$1:$E$1128,2,FALSE) -> 0.0235 | DP64: =VLOOKUP(B64,journalsection_jaccard!$D$2:$E$1129,2,FALSE) -> 0.38888889 | DQ64: =VLOOKUP(B64,journalsection_jaccard!$D$2:$F$1129,3,FALSE) -> 0.34228188 | DR64: =VLOOKUP(B64,journalsection_jaccard!$D$2:$G$1129,4,FALSE) -> 0.23966942 | DS64: =VLOOKUP(B64,journalsection_jaccard!$D$2:$H$1129,5,FALSE) -> 0.13636364
A65: 58 | B65: Computer Science vs Chemistry | C65: コンピュータサイエンスと化学の最先端 | D65: 0.01920614 | E65: -0.0852101 | F65: 0.046825137 | G65: 0.04677935 | H65: 0.04360965 | I65: -0.007674606 | J65: 0.11164058 | K65: 0.98178256 | L65: 0.15996535 | M65: 0.24243374 | N65: 0.064060695 | O65: 0.13446462 | P65: 0.11100621 | Q65: 0.07586892 | R65: 0.029480161 | S65: 0.13517009 | T65: 0.26324904 | U65: 0.17812401 | V65: -0.020881822 | W65: 0.066376925 | X65: 0.027533993 | Y65: -0.017334435 | Z65: -0.10579146 | AA65: 0.0712091 | AB65: 0.27572605 | AC65: 0.24091166 | AD65: -0.025468161 | AE65: 0.12966236 | AF65: 0.1782465 | AG65: 0.1091548 | AH65: -0.02169722 | AI65: 0.21716735 | AJ65: 0.058626723 | AK65: 0.26064125 | AL65: -0.062268037 | AM65: 0.050276536 | AN65: -0.0073636007 | AO65: 0.07977681 | AP65: 0.26067185 | AQ65: 0.19532427 | AR65: 0.13858402 | AS65: -0.2107081 | AT65: 0.12299719 | AU65: 0.13618597 | AV65: 0.1204847 | AW65: 0.07710677 | AX65: 0.12221669 | AY65: 0.2699888 | AZ65: 0.96052855 | BA65: 0.025113579 | BB65: 0.20140098 | BC65: -0.025678216 | BD65: -0.092116304 | BE65: 0.10809879 | BF65: 0.26271093 | BG65: 0.24549945 | BH65: 0.10597269 | BI65: 0.11037501 | BJ65: 0.028879233 | BK65: 0.19754802 | BL65: 0.26568198 | BM65: 0.09788119 | BN65: 0.062099885 | BO65: 0.2890781 | BP65: 0.27028668 | BQ65: 0.04582641 | BR65: 0.13006967 | BS65: -0.0359671 | BT65: 0.08924449 | BU65: -0.007880623 | BV65: -0.01973406 | BW65: 0.11577256 | BX65: 0.254628 | BY65: 0.1008852 | BZ65: 0.249136 | CA65: 0.24083033 | CB65: 0.1415111 | CC65: 0.21840475 | CD65: 0.07534457 | CE65: 0.178834 | CF65: 0.2226745 | CG65: 0.26534012 | CH65: 0.060074154 | CI65: 0.06804242 | CJ65: 0.14497046 | CK65: 0.1103288 | CL65: 0.04880807 | CM65: 0.019075863 | CN65: 0.22038297 | CO65: 0.014993486 | CP65: -0.01882527 | CQ65: 0.1446691 | CR65: 0.07904899 | CS65: 0.03766534 | CT65: 0.16058321 | CU65: -0.044905096 | CV65: 0.084230945 | CW65: 0.0007212848 | CX65: 0.10943089 | CY65: 0.24342482 | CZ65: 0.14624803 | DA65: 0.031563833 | DB65: 0.20483698 | DC65: 0.96568197 | DD65: 0.30043235 | DE65: 0.12898213 | DF65: =AVERAGE(D65:J65,L65:AY65,BA65:DB65,DD65:DE65) -> 0.10697954 | DG65: =IF(DF65>=0.25,1,0) -> 0 | DH65: 0 | DI65: =VLOOKUP(B65,owner_jaccard!$D$1:$E$1128,2,FALSE) -> 0.22727273 | DJ65: =VLOOKUP(B65,partic_jaccard!$D$1:$E$1128,2,FALSE) -> 0.043478261 | DK65: =VLOOKUP(B65,rtword_jaccard!$D$1:$E$1128,2,FALSE) -> 0.1627907 | DL65: =VLOOKUP(B65,rtword_jaccard!$D$1:$F$1128,3,FALSE) -> 0.19047619 | DM65: =VLOOKUP(B65,rtword_jaccard!$D$1:$G$1128,4,FALSE) -> 0.20481928 | DN65: =VLOOKUP(B65,owner_j_重み付き!$C$1:$E$1128,3) -> 0.0065 | DO65: =VLOOKUP(B65,part_j_重み付き!$D$1:$E$1128,2,FALSE) -> 0.016 | DP65: =VLOOKUP(B65,journalsection_jaccard!$D$2:$E$1129,2,FALSE) -> 0.49253731 | DQ65: =VLOOKUP(B65,journalsection_jaccard!$D$2:$F$1129,3,FALSE) -> 0.3986014 | DR65: =VLOOKUP(B65,journalsection_jaccard!$D$2:$G$1129,4,FALSE) -> 0.35746606 | DS65: =VLOOKUP(B65,journalsection_jaccard!$D$2:$H$1129,5,FALSE) -> 0.26582278
A66: 59 | B66: Computer Science vs Communication | C66: コンピュータサイエンスとコミュニケーションの最先端 | D66: 0.11607639 | E66: -0.1317558 | F66: 0.022162938 | G66: 0.10775733 | H66: 0.23585463 | I66: 0.16712789 | J66: 0.16424479 | K66: 0.990122 | L66: 0.2855919 | M66: 0.1700714 | N66: 0.28735945 | O66: 0.18151678 | P66: 0.20953123 | Q66: 0.32616648 | R66: -0.12567571 | S66: 0.28001 | T66: 0.22315063 | U66: 0.3477477 | V66: 0.2863 | W66: 0.036745515 | X66: 0.14935242 | Y66: 0.13485688 | Z66: -0.043644413 | AA66: 0.11191682 | AB66: 0.095129386 | AC66: 0.24125206 | AD66: 0.04225885 | AE66: 0.23452029 | AF66: 0.18578053 | AG66: 0.40062624 | AH66: -0.14055164 | AI66: 0.1829487 | AJ66: 0.075295076 | AK66: 0.0495725 | AL66: 0.06407548 | AM66: 0.30528137 | AN66: 0.11774513 | AO66: 0.07864174 | AP66: 0.29936987 | AQ66: 0.10518561 | AR66: 0.2661443 | AS66: 0.14920859 | AT66: -0.018469471 | AU66: 0.13840301 | AV66: 0.14570218 | AW66: 0.23344141 | AX66: -0.14660159 | AY66: 0.071224555 | AZ66: 0.929628 | BA66: 0.023157801 | BB66: 0.21547182 | BC66: -0.017131915 | BD66: 0.22963336 | BE66: 0.20840877 | BF66: 0.3229586 | BG66: 0.21096428 | BH66: 0.23532271 | BI66: 0.24724796 | BJ66: 0.32004717 | BK66: 0.3971515 | BL66: 0.18023549 | BM66: 0.3088806 | BN66: 0.17306659 | BO66: 0.34530747 | BP66: 0.1635134 | BQ66: 0.18854181 | BR66: 0.16293663 | BS66: 0.043706052 | BT66: 0.26181835 | BU66: 0.08296508 | BV66: 0.21515091 | BW66: 0.1664627 | BX66: 0.23296289 | BY66: 0.15322588 | BZ66: 0.05780725 | CA66: 0.18778737 | CB66: 0.47827268 | CC66: 0.34253576 | CD66: 0.19545859 | CE66: 0.13995016 | CF66: 0.06791249 | CG66: 0.27799213 | CH66: 0.25081232 | CI66: 0.36286202 | CJ66: 0.31151098 | CK66: 0.2032279 | CL66: 0.34010485 | CM66: 0.38647115 | CN66: 0.32236406 | CO66: 0.13625109 | CP66: 0.191402 | CQ66: 0.13680616 | CR66: 0.35222816 | CS66: 0.21957108 | CT66: 0.07906186 | CU66: -0.010361581 | CV66: 0.3575065 | CW66: 0.19920696 | CX66: 0.25144976 | CY66: 0.20929374 | CZ66: 0.21509856 | DA66: 0.21208142 | DB66: 0.23359042 | DC66: 0.9613031 | DD66: 0.26226526 | DE66: 0.29649776 | DF66: =AVERAGE(D66:J66,L66:AY66,BA66:DB66,DD66:DE66) -> 0.18502596 | DG66: =IF(DF66>=0.25,1,0) -> 0 | DH66: 0.0045180723 | DI66: =VLOOKUP(B66,owner_jaccard!$D$1:$E$1128,2,FALSE) -> 0.32142857 | DJ66: =VLOOKUP(B66,partic_jaccard!$D$1:$E$1128,2,FALSE) -> 0.35294118 | DK66: =VLOOKUP(B66,rtword_jaccard!$D$1:$E$1128,2,FALSE) -> 0.26582278 | DL66: =VLOOKUP(B66,rtword_jaccard!$D$1:$F$1128,3,FALSE) -> 0.28205128 | DM66: =VLOOKUP(B66,rtword_jaccard!$D$1:$G$1128,4,FALSE) -> 0.2987013 | DN66: =VLOOKUP(B66,owner_j_重み付き!$C$1:$E$1128,3) -> 0.0065 | DO66: =VLOOKUP(B66,part_j_重み付き!$D$1:$E$1128,2,FALSE) -> 0.1066 | DP66: =VLOOKUP(B66,journalsection_jaccard!$D$2:$E$1129,2,FALSE) -> 0.49253731 | DQ66: =VLOOKUP(B66,journalsection_jaccard!$D$2:$F$1129,3,FALSE) -> 0.43884892 | DR66: =VLOOKUP(B66,journalsection_jaccard!$D$2:$G$1129,4,FALSE) -> 0.36363636 | DS66: =VLOOKUP(B66,journalsection_jaccard!$D$2:$H$1129,5,FALSE) -> 0.2345679
A67: 60 | B67: Computer Science vs Digital Health | C67: コンピュータサイエンスとデジタルヘルスの最先端 | D67: -0.06357905 | E67: 0.042118106 | F67: 0.23914927 | G67: 0.053389423 | H67: -0.03720891 | I67: 0.17275168 | J67: 0.012636626 | K67: 0.9887601 | L67: 0.3411364 | M67: 0.29219124 | N67: 0.20747352 | O67: 0.051050417 | P67: 0.18428299 | Q67: 0.22543338 | R67: 0.007901583 | S67: 0.012617493 | T67: 0.08329779 | U67: 0.22727858 | V67: 0.1853713 | W67: 0.025024107 | X67: 0.19023581 | Y67: 0.07272787 | Z67: 0.06861644 | AA67: 0.097554 | AB67: 0.11611688 | AC67: 0.10533841 | AD67: -0.05598301 | AE67: 0.31561062 | AF67: 0.4301141 | AG67: 0.3815983 | AH67: -0.05374378 | AI67: 0.21139082 | AJ67: 0.30655724 | AK67: 0.18486471 | AL67: 0.26613873 | AM67: 0.17310551 | AN67: 0.17905387 | AO67: 0.2728073 | AP67: 0.26723695 | AQ67: 0.15590005 | AR67: 0.2691854 | AS67: 0.1255543 | AT67: 0.048468865 | AU67: 0.12419397 | AV67: 0.19546878 | AW67: 0.3595553 | AX67: -0.035129704 | AY67: 0.31822386 | AZ67: 0.9520847 | BA67: -0.011579579 | BB67: 0.29162067 | BC67: 0.17502083 | BD67: 0.24514662 | BE67: 0.09379282 | BF67: 0.16834652 | BG67: 0.3043602 | BH67: 0.17742671 | BI67: 0.086395286 | BJ67: 0.17502245 | BK67: 0.21493842 | BL67: 0.32425502 | BM67: 0.2794214 | BN67: 0.22679041 | BO67: 0.20592614 | BP67: 0.21691436 | BQ67: 0.05559236 | BR67: 0.29107013 | BS67: 0.20012134 | BT67: 0.19997719 | BU67: 0.08042884 | BV67: 0.13166097 | BW67: 0.2724512 | BX67: 0.23094131 | BY67: 0.3413461 | BZ67: 0.10621322 | CA67: 0.11210033 | CB67: 0.2542247 | CC67: 0.4271426 | CD67: 0.29579905 | CE67: 0.1808034 | CF67: 0.11528487 | CG67: 0.1069712 | CH67: 0.22666459 | CI67: 0.30547032 | CJ67: 0.32642975 | CK67: 0.16135588 | CL67: 0.22702456 | CM67: 0.20255879 | CN67: 0.51962286 | CO67: 0.10505153 | CP67: 0.16083412 | CQ67: -0.13577105 | CR67: 0.29475507 | CS67: 0.0057253777 | CT67: 0.25236818 | CU67: 0.25772685 | CV67: 0.27761745 | CW67: 0.21785903 | CX67: 0.2369399 | CY67: 0.28188124 | CZ67: 0.27199146 | DA67: 0.2208648 | DB67: 0.18900433 | DC67: 0.9657972 | DD67: 0.21692254 | DE67: 0.12841263 | DF67: =AVERAGE(D67:J67,L67:AY67,BA67:DB67,DD67:DE67) -> 0.18330403 | DG67: =IF(DF67>=0.25,1,0) -> 0 | DH67: 0.016085862 | DI67: =VLOOKUP(B67,owner_jaccard!$C$1:$E$1128,3,FALSE) -> 0.36363636 | DJ67: =VLOOKUP(B67,partic_jaccard!$C$1:$E$1128,3,FALSE) -> 0.095238095 | DK67: =VLOOKUP(B67,rtword_jaccard!$C$1:$E$1128,3,FALSE) -> 0.38888889 | DL67: =VLOOKUP(B67,rtword_jaccard!$C$1:$F$1128,4,FALSE) -> 0.38888889 | DM67: =VLOOKUP(B67,rtword_jaccard!$C$1:$G$1128,5,FALSE) -> 0.42857143 | DN67: =VLOOKUP(B67,owner_j_重み付き!$C$1:$E$1128,3) -> 0.0433 | DO67: =VLOOKUP(B67,part_j_重み付き!$C$1:$E$1128,3,FALSE) -> 0.0734 | DP67: =VLOOKUP(B67,journalsection_jaccard!$C$2:$E$1129,3,FALSE) -> 0.44927536 | DQ67: =VLOOKUP(B67,journalsection_jaccard!$C$2:$F$1129,4,FALSE) -> 0.4084507 | DR67: =VLOOKUP(B67,journalsection_jaccard!$C$2:$G$1129,5,FALSE) -> 0.31004367 | DS67: =VLOOKUP(B67,journalsection_jaccard!$C$2:$H$1129,6,FALSE) -> 0.25
A68: 61 | B68: Computer Science vs Earth Science | C68: コンピュータサイエンスと地球科学の最先端 | D68: -0.03361928 | E68: 0.06038894 | F68: 0.18448763 | G68: 0.16953327 | H68: 0.10694874 | I68: 0.15177143 | J68: 0.16152564 | K68: 0.9835314 | L68: -0.0931634 | M68: 0.30378106 | N68: 0.12378375 | O68: 0.094164036 | P68: 0.07209216 | Q68: 0.21772107 | R68: 0.10702439 | S68: -0.07488436 | T68: 0.28655928 | U68: 0.32574922 | V68: 0.2561934 | W68: 0.2111476 | X68: 0.017190186 | Y68: 0.23593135 | Z68: 0.11055936 | AA68: 0.0042474596 | AB68: 0.18954252 | AC68: 0.1971459 | AD68: 0.042473495 | AE68: 0.08337205 | AF68: 0.013494599 | AG68: 0.31334862 | AH68: 0.084448986 | AI68: 0.11205888 | AJ68: 0.017422395 | AK68: 0.032615725 | AL68: 0.16097236 | AM68: 0.27889225 | AN68: 0.21724176 | AO68: 0.19821656 | AP68: 0.10323723 | AQ68: 0.15772724 | AR68: 0.29128328 | AS68: 0.13807756 | AT68: 0.08345593 | AU68: 0.09298596 | AV68: -0.09455247 | AW68: 0.10556041 | AX68: 0.02445752 | AY68: 0.10031197 | AZ68: 0.94651836 | BA68: 0.15263595 | BB68: 0.177952 | BC68: 0.0141458 | BD68: 0.16702372 | BE68: 0.08262265 | BF68: 0.14051272 | BG68: 0.12148649 | BH68: 0.038611084 | BI68: 0.10112885 | BJ68: 0.12913914 | BK68: 0.11349226 | BL68: 0.2639818 | BM68: 0.28500772 | BN68: -0.0084982505 | BO68: 0.27038243 | BP68: 0.37052667 | BQ68: 0.10776269 | BR68: 0.049338628 | BS68: -0.055470027 | BT68: 0.32140487 | BU68: -0.07218456 | BV68: 0.008295374 | BW68: 0.31471583 | BX68: 0.32769117 | BY68: 0.16257444 | BZ68: 0.0747299 | CA68: 0.09651626 | CB68: 0.17245004 | CC68: 0.23337516 | CD68: 0.25532496 | CE68: -0.012556852 | CF68: -0.077070385 | CG68: 0.12347401 | CH68: 0.23218171 | CI68: 0.1491138 | CJ68: 0.043527737 | CK68: 0.17075928 | CL68: 0.042971935 | CM68: 0.17524862 | CN68: 0.28657332 | CO68: 0.15140226 | CP68: -0.07208145 | CQ68: 0.18985057 | CR68: 0.16746902 | CS68: 0.018974818 | CT68: 0.027115555 | CU68: 0.04367283 | CV68: 0.25235575 | CW68: 0.18053631 | CX68: 0.040873043 | CY68: 0.12408628 | CZ68: 0.21857302 | DA68: 0.19236192 | DB68: 0.13203655 | DC68: 0.96606106 | DD68: 0.308815 | DE68: 0.14816514 | DF68: =AVERAGE(D68:J68,L68:AY68,BA68:DB68,DD68:DE68) -> 0.13221388 | DG68: =IF(DF68>=0.25,1,0) -> 0 | DH68: 0 | DI68: =VLOOKUP(B68,owner_jaccard!$C$1:$E$1128,3,FALSE) -> 0.13157895 | DJ68: =VLOOKUP(B68,partic_jaccard!$C$1:$E$1128,3,FALSE) -> 0.125 | DK68: =VLOOKUP(B68,rtword_jaccard!$C$1:$E$1128,3,FALSE) -> 0.2195122 | DL68: =VLOOKUP(B68,rtword_jaccard!$C$1:$F$1128,4,FALSE) -> 0.22699387 | DM68: =VLOOKUP(B68,rtword_jaccard!$C$1:$G$1128,5,FALSE) -> 0.23966942 | DN68: =VLOOKUP(B68,owner_j_重み付き!$C$1:$E$1128,3) -> 0.005 | DO68: =VLOOKUP(B68,part_j_重み付き!$C$1:$E$1128,3,FALSE) -> 0.0288 | DP68: =VLOOKUP(B68,journalsection_jaccard!$C$2:$E$1129,3,FALSE) -> 0.38888889 | DQ68: =VLOOKUP(B68,journalsection_jaccard!$C$2:$F$1129,4,FALSE) -> 0.32450331 | DR68: =VLOOKUP(B68,journalsection_jaccard!$C$2:$G$1129,5,FALSE) -> 0.28205128 | DS68: =VLOOKUP(B68,journalsection_jaccard!$C$2:$H$1129,6,FALSE) -> 0.13636364
A69: 62 | B69: Computer Science vs Ecology and Evolution | C69: コンピュータサイエンスと生態学と進化のフロンティア | D69: 0.055716537 | E69: -0.0976885 | F69: 0.27888623 | G69: 0.104174 | H69: 0.1718218 | I69: 0.018042084 | J69: 0.095958695 | K69: 0.9781214 | L69: 0.21544398 | M69: 0.20656252 | N69: 0.2542138 | O69: 0.10298582 | P69: 0.19926564 | Q69: 0.30285385 | R69: 0.25905475 | S69: 0.015532771 | T69: 0.20263565 | U69: 0.030253362 | V69: 0.07767876 | W69: 0.10392315 | X69: 0.09428235 | Y69: 0.1648271 | Z69: -0.016531045 | AA69: 0.029441476 | AB69: 0.16527528 | AC69: 0.28044647 | AD69: 0.04964486 | AE69: 0.19366805 | AF69: 0.19333045 | AG69: 0.255996 | AH69: 0.07949688 | AI69: 0.3488287 | AJ69: 0.2969987 | AK69: -0.016519826 | AL69: 0.16544752 | AM69: 0.09064808 | AN69: -0.13147092 | AO69: 0.16811989 | AP69: 0.28397638 | AQ69: 0.17419466 | AR69: 0.38512704 | AS69: -0.056850765 | AT69: 0.0839992 | AU69: 0.25869435 | AV69: 0.08054449 | AW69: 0.18358845 | AX69: 0.31105927 | AY69: -0.033398386 | AZ69: 0.9563796 | BA69: -0.064649746 | BB69: 0.14469089 | BC69: 0.0651899 | BD69: 0.22550806 | BE69: 0.026794031 | BF69: 0.20834143 | BG69: 0.01827075 | BH69: 0.23661776 | BI69: 0.20588969 | BJ69: 0.1187733 | BK69: 0.1279546 | BL69: 0.1745231 | BM69: 0.26131627 | BN69: 0.041958317 | BO69: 0.25616622 | BP69: 0.047711983 | BQ69: -0.029088318 | BR69: 0.11100492 | BS69: -0.032214064 | BT69: 0.2804738 | BU69: 0.049446914 | BV69: -0.009100126 | BW69: 0.09958389 | BX69: 0.1787557 | BY69: 0.10656004 | BZ69: -0.031980943 | CA69: 0.24677633 | CB69: 0.2507837 | CC69: 0.3145322 | CD69: 0.3356693 | CE69: 0.1730901 | CF69: 0.062797606 | CG69: 0.11734904 | CH69: 0.1570389 | CI69: 0.08803346 | CJ69: 0.16545194 | CK69: -0.0027975207 | CL69: 0.19583899 | CM69: 0.2031844 | CN69: 0.31052762 | CO69: -0.026685253 | CP69: 0.26431876 | CQ69: 0.02376861 | CR69: 0.348051 | CS69: 0.15739127 | CT69: 0.05429014 | CU69: 0.11507944 | CV69: 0.35868278 | CW69: 0.0522933 | CX69: 0.13035785 | CY69: 0.32482278 | CZ69: 0.3204224 | DA69: 0.134402 | DB69: 0.22052096 | DC69: 0.96641755 | DD69: 0.025524259 | DE69: -0.03591965 | DF69: =AVERAGE(D69:J69,L69:AY69,BA69:DB69,DD69:DE69) -> 0.1415949 | DG69: =IF(DF69>=0.25,1,0) -> 0 | DH69: 0.0012478163 | DI69: =VLOOKUP(B69,owner_jaccard!$C$1:$E$1128,3,FALSE) -> 0.2 | DJ69: =VLOOKUP(B69,partic_jaccard!$C$1:$E$1128,3,FALSE) -> 0.13636364 | DK69: =VLOOKUP(B69,rtword_jaccard!$C$1:$E$1128,3,FALSE) -> 0.13636364 | DL69: =VLOOKUP(B69,rtword_jaccard!$C$1:$F$1128,4,FALSE) -> 0.21212121 | DM69: =VLOOKUP(B69,rtword_jaccard!$C$1:$G$1128,5,FALSE) -> 0.2244898 | DN69: =VLOOKUP(B69,owner_j_重み付き!$C$1:$E$1128,3) -> 0.0075 | DO69: =VLOOKUP(B69,part_j_重み付き!$C$1:$E$1128,3,FALSE) -> 0.0294 | DP69: =VLOOKUP(B69,journalsection_jaccard!$C$2:$E$1129,3,FALSE) -> 0.25 | DQ69: =VLOOKUP(B69,journalsection_jaccard!$C$2:$F$1129,4,FALSE) -> 0.25 | DR69: =VLOOKUP(B69,journalsection_jaccard!$C$2:$G$1129,5,FALSE) -> 0.2244898 | DS69: =VLOOKUP(B69,journalsection_jaccard!$C$2:$H$1129,6,FALSE) -> 0.030927835
A70: 63 | B70: Computer Science vs Education | C70: コンピュータサイエンスと教育の最先端 | D70: 0.24954782 | E70: 0.14262524 | F70: -0.019952804 | G70: 0.06415936 | H70: 0.34215826 | I70: 0.08987623 | J70: 0.21202622 | K70: 0.98608947 | L70: 0.31273314 | M70: 0.23829305 | N70: 0.32409048 | O70: 0.25713354 | P70: 0.22405574 | Q70: 0.33839783 | R70: 0.20374204 | S70: 0.039267868 | T70: 0.19394596 | U70: 0.30826345 | V70: 0.053198203 | W70: 0.057841986 | X70: 0.36124808 | Y70: 0.16485472 | Z70: 0.22903965 | AA70: 0.17081027 | AB70: 0.3064384 | AC70: 0.31928602 | AD70: -0.060148872 | AE70: 0.31921533 | AF70: 0.21358998 | AG70: 0.21629499 | AH70: 0.11953899 | AI70: 0.18840827 | AJ70: 0.2655128 | AK70: 0.24369428 | AL70: 0.25742108 | AM70: 0.23866309 | AN70: 0.28955522 | AO70: 0.16660991 | AP70: 0.30706805 | AQ70: 0.18822685 | AR70: 0.284705 | AS70: 0.14689639 | AT70: 0.04235094 | AU70: -0.059459016 | AV70: 0.0675954 | AW70: 0.30491388 | AX70: 0.2899221 | AY70: 0.0540943 | AZ70: 0.9395327 | BA70: 0.060929887 | BB70: 0.18711048 | BC70: -0.10858287 | BD70: 0.10674193 | BE70: 0.31900576 | BF70: 0.397106 | BG70: 0.15964672 | BH70: 0.24053277 | BI70: 0.18118465 | BJ70: 0.3722415 | BK70: 0.17878222 | BL70: 0.2903282 | BM70: 0.1766901 | BN70: 0.21466796 | BO70: 0.32062727 | BP70: 0.3019407 | BQ70: 0.14411089 | BR70: 0.13330056 | BS70: 0.05922368 | BT70: 0.27795407 | BU70: 0.11965615 | BV70: 0.25328264 | BW70: 0.1058284 | BX70: 0.18930225 | BY70: 0.3864961 | BZ70: 0.098541625 | CA70: 0.2177386 | CB70: 0.37613788 | CC70: 0.27140483 | CD70: 0.28716362 | CE70: 0.34584162 | CF70: -0.025613675 | CG70: 0.26692662 | CH70: 0.33198705 | CI70: 0.1978665 | CJ70: 0.31729725 | CK70: 0.1568265 | CL70: 0.2007416 | CM70: -0.025128152 | CN70: 0.40060332 | CO70: 0.17160156 | CP70: 0.094752654 | CQ70: 0.025791533 | CR70: 0.23115031 | CS70: 0.20707496 | CT70: 0.016804416 | CU70: 0.017680842 | CV70: 0.24670349 | CW70: 0.18560068 | CX70: 0.30753285 | CY70: 0.20140474 | CZ70: 0.2280394 | DA70: 0.21952304 | DB70: 0.12792155 | DC70: 0.9713268 | DD70: 0.1926098 | DE70: 0.17612761 | DF70: =AVERAGE(D70:J70,L70:AY70,BA70:DB70,DD70:DE70) -> 0.19810206 | DG70: =IF(DF70>=0.25,1,0) -> 0 | DH70: 0.0040322581 | DI70: =VLOOKUP(B70,owner_jaccard!$C$1:$E$1128,3,FALSE) -> 0.29032258 | DJ70: =VLOOKUP(B70,partic_jaccard!$C$1:$E$1128,3,FALSE) -> 0.23809524 | DK70: =VLOOKUP(B70,rtword_jaccard!$C$1:$E$1128,3,FALSE) -> 0.2345679 | DL70: =VLOOKUP(B70,rtword_jaccard!$C$1:$F$1128,4,FALSE) -> 0.27388535 | DM70: =VLOOKUP(B70,rtword_jaccard!$C$1:$G$1128,5,FALSE) -> 0.30434783 | DN70: =VLOOKUP(B70,owner_j_重み付き!$C$1:$E$1128,3) -> 0.0353 | DO70: =VLOOKUP(B70,part_j_重み付き!$C$1:$E$1128,3,FALSE) -> 0.0466 | DP70: =VLOOKUP(B70,journalsection_jaccard!$C$2:$E$1129,3,FALSE) -> 0.44927536 | DQ70: =VLOOKUP(B70,journalsection_jaccard!$C$2:$F$1129,4,FALSE) -> 0.3986014 | DR70: =VLOOKUP(B70,journalsection_jaccard!$C$2:$G$1129,5,FALSE) -> 0.36986301 | DS70: =VLOOKUP(B70,journalsection_jaccard!$C$2:$H$1129,6,FALSE) -> 0.2195122
A71: 64 | B71: Computer Science vs Endocrinology | C71: コンピュータサイエンスと内分泌学の最先端 | D71: -0.02060236 | E71: 0.025313472 | F71: 0.24683146 | G71: 0.13508031 | H71: 0.082437016 | I71: 0.08064797 | J71: 0.0044227135 | K71: 0.98440355 | L71: -0.028456163 | M71: 0.1766872 | N71: 0.19654869 | O71: 0.05322695 | P71: 0.06289086 | Q71: 0.202413 | R71: 0.22338815 | S71: -0.015368443 | T71: 0.13853106 | U71: 0.10710943 | V71: 0.20997438 | W71: 0.045266394 | X71: 0.20388268 | Y71: 0.1935294 | Z71: 0.20891422 | AA71: 0.1388599 | AB71: 0.12114266 | AC71: 0.1184751 | AD71: -0.048302982 | AE71: -0.0033074156 | AF71: 0.23177315 | AG71: 0.11952524 | AH71: 0.14262505 | AI71: 0.0787944 | AJ71: 0.12163027 | AK71: 0.03465524 | AL71: -0.008447783 | AM71: 0.25827092 | AN71: 0.23819274 | AO71: 0.20602961 | AP71: 0.24330013 | AQ71: 0.05945887 | AR71: 0.20164752 | AS71: -0.0561617 | AT71: 0.14291608 | AU71: 0.11463171 | AV71: -0.043140363 | AW71: 0.06463034 | AX71: 0.12144955 | AY71: 0.043452505 | AZ71: 0.95729095 | BA71: 0.0728182 | BB71: 0.013382876 | BC71: 0.20174418 | BD71: 0.14879271 | BE71: 0.048489783 | BF71: 0.07558712 | BG71: 0.26056078 | BH71: 0.07092363 | BI71: 0.13293459 | BJ71: 0.11860611 | BK71: 0.08942124 | BL71: 0.10143487 | BM71: 0.18628067 | BN71: 0.005756341 | BO71: 0.22057797 | BP71: 0.2628924 | BQ71: -0.031510767 | BR71: 0.21434872 | BS71: 0.07765471 | BT71: 0.10781559 | BU71: 0.07705463 | BV71: -0.084855594 | BW71: 0.2968411 | BX71: 0.3437898 | BY71: 0.06708823 | BZ71: 0.14560825 | CA71: 0.052817076 | CB71: 0.11028627 | CC71: 0.27514884 | CD71: 0.17911609 | CE71: 0.027095007 | CF71: 0.17544556 | CG71: 0.10804817 | CH71: 0.3617357 | CI71: 0.14659342 | CJ71: 0.18830968 | CK71: 0.026738232 | CL71: 0.009507046 | CM71: 0.09385321 | CN71: 0.2245882 | CO71: 0.13654427 | CP71: 0.14974847 | CQ71: 0.08747192 | CR71: 0.20467928 | CS71: 0.24526952 | CT71: -0.0055021313 | CU71: 0.2024137 | CV71: 0.10042955 | CW71: 0.01535793 | CX71: 0.008575406 | CY71: 0.11481059 | CZ71: 0.13249552 | DA71: 0.31886768 | DB71: 0.25419965 | DC71: 0.9658907 | DD71: 0.061402738 | DE71: 0.1184603 | DF71: =AVERAGE(D71:J71,L71:AY71,BA71:DB71,DD71:DE71) -> 0.12158557 | DG71: =IF(DF71>=0.25,1,0) -> 0 | DH71: 0 | DI71: =VLOOKUP(B71,owner_jaccard!$C$1:$E$1128,3,FALSE) -> 0.20454545 | DJ71: =VLOOKUP(B71,partic_jaccard!$C$1:$E$1128,3,FALSE) -> 0.071428571 | DK71: =VLOOKUP(B71,rtword_jaccard!$C$1:$E$1128,3,FALSE) -> 0.098901099 | DL71: =VLOOKUP(B71,rtword_jaccard!$C$1:$F$1128,4,FALSE) -> 0.15606936 | DM71: =VLOOKUP(B71,rtword_jaccard!$C$1:$G$1128,5,FALSE) -> 0.18110236 | DN71: =VLOOKUP(B71,owner_j_重み付き!$C$1:$E$1128,3) -> 0.0039 | DO71: =VLOOKUP(B71,part_j_重み付き!$C$1:$E$1128,3,FALSE) -> 0.0262 | DP71: =VLOOKUP(B71,journalsection_jaccard!$C$2:$E$1129,3,FALSE) -> 0.42857143 | DQ71: =VLOOKUP(B71,journalsection_jaccard!$C$2:$F$1129,4,FALSE) -> 0.35135135 | DR71: =VLOOKUP(B71,journalsection_jaccard!$C$2:$G$1129,5,FALSE) -> 0.28205128 | DS71: =VLOOKUP(B71,journalsection_jaccard!$C$2:$H$1129,6,FALSE) -> 0.19047619
A72: 65 | B72: Computer Science vs Energy Research | C72: コンピュータサイエンスとエネルギー研究の最前線 | D72: 0.11207042 | E72: 0.10885324 | F72: 0.1181303 | G72: 0.14309171 | H72: 0.10662536 | I72: 0.080204085 | J72: -0.05651804 | K72: 0.9847472 | L72: 0.11313151 | M72: 0.22807162 | N72: 0.19420002 | O72: 0.1385117 | P72: 0.058241405 | Q72: 0.31397888 | R72: 0.17617853 | S72: 0.018987644 | T72: 0.32490692 | U72: 0.1632917 | V72: 0.042785093 | W72: 0.040910624 | X72: 0.089597575 | Y72: 0.13395041 | Z72: 0.12867357 | AA72: 0.19232322 | AB72: 0.1713815 | AC72: 0.07475108 | AD72: -0.20562807 | AE72: 0.056387432 | AF72: 0.13968015 | AG72: 0.18867724 | AH72: 0.09195825 | AI72: 0.1072407 | AJ72: 0.12247474 | AK72: 0.23483968 | AL72: 0.20717816 | AM72: 0.14898103 | AN72: 0.022597123 | AO72: 0.25199822 | AP72: 0.26420355 | AQ72: 0.024881214 | AR72: 0.27590948 | AS72: -0.021385562 | AT72: 0.17202644 | AU72: 0.02059529 | AV72: 0.044059027 | AW72: 0.17393059 | AX72: 0.03304419 | AY72: 0.062094204 | AZ72: 0.956057 | BA72: 0.22554266 | BB72: 0.11646404 | BC72: -0.037346255 | BD72: 0.09846845 | BE72: 0.14637901 | BF72: 0.23452778 | BG72: 0.20482203 | BH72: 0.18047072 | BI72: 0.12889409 | BJ72: 0.04324047 | BK72: 0.23544073 | BL72: 0.14926904 | BM72: 0.060225353 | BN72: 0.11325248 | BO72: 0.37626618 | BP72: 0.33877742 | BQ72: 0.12083384 | BR72: 0.1550836 | BS72: 0.11562977 | BT72: 0.16191201 | BU72: 0.036059193 | BV72: 0.06586052 | BW72: 0.12614015 | BX72: 0.17937376 | BY72: 0.1207836 | BZ72: 0.23169747 | CA72: 0.26143342 | CB72: 0.081038736 | CC72: 0.20828047 | CD72: 0.20455594 | CE72: 0.3423288 | CF72: 0.1852122 | CG72: 0.035162628 | CH72: 0.26014683 | CI72: 0.044246346 | CJ72: 0.2407568 | CK72: 0.11543077 | CL72: 0.0728433 | CM72: 0.19043258 | CN72: 0.11850524 | CO72: 0.094186865 | CP72: 0.17302693 | CQ72: 0.12590984 | CR72: 0.3552701 | CS72: 0.14116292 | CT72: 0.29479292 | CU72: 0.06287711 | CV72: 0.20825303 | CW72: -0.07004802 | CX72: 0.086923964 | CY72: 0.27718684 | CZ72: 0.08761806 | DA72: 0.082661435 | DB72: 0.13335867 | DC72: 0.9643555 | DD72: 0.062838115 | DE72: 0.35291675 | DF72: =AVERAGE(D72:J72,L72:AY72,BA72:DB72,DD72:DE72) -> 0.13970341 | DG72: =IF(DF72>=0.25,1,0) -> 0 | DH72: 0.010542169 | DI72: =VLOOKUP(B72,owner_jaccard!$C$1:$E$1128,3,FALSE) -> 0.15151515 | DJ72: =VLOOKUP(B72,partic_jaccard!$C$1:$E$1128,3,FALSE) -> 0.066666667 | DK72: =VLOOKUP(B72,rtword_jaccard!$C$1:$E$1128,3,FALSE) -> 0.20481928 | DL72: =VLOOKUP(B72,rtword_jaccard!$C$1:$F$1128,4,FALSE) -> 0.22699387 | DM72: =VLOOKUP(B72,rtword_jaccard!$C$1:$G$1128,5,FALSE) -> 0.29310345 | DN72: =VLOOKUP(B72,owner_j_重み付き!$C$1:$E$1128,3) -> 0.003 | DO72: =VLOOKUP(B72,part_j_重み付き!$C$1:$E$1128,3,FALSE) -> 0.0099 | DP72: =VLOOKUP(B72,journalsection_jaccard!$C$2:$E$1129,3,FALSE) -> 0.47058824 | DQ72: =VLOOKUP(B72,journalsection_jaccard!$C$2:$F$1129,4,FALSE) -> 0.38888889 | DR72: =VLOOKUP(B72,journalsection_jaccard!$C$2:$G$1129,5,FALSE) -> 0.3215859 | DS72: =VLOOKUP(B72,journalsection_jaccard!$C$2:$H$1129,6,FALSE) -> 0.2345679
A73: 66 | B73: Computer Science vs Environmental Science | C73: コンピュータサイエンスと環境科学の最先端 | D73: 0.01266769 | E73: 0.13080262 | F73: 0.061434623 | G73: 0.1737614 | H73: 0.16010493 | I73: 0.11432244 | J73: 0.18958396 | K73: 0.98022056 | L73: 0.11807551 | M73: 0.23608525 | N73: 0.14886674 | O73: 0.25905204 | P73: 0.14342433 | Q73: 0.32898644 | R73: 0.035055406 | S73: 0.2388551 | T73: 0.2101344 | U73: 0.024487272 | V73: 0.16069533 | W73: 0.10383308 | X73: 0.014830017 | Y73: 0.07804017 | Z73: 0.14549232 | AA73: 0.07571693 | AB73: 0.1485044 | AC73: 0.3002884 | AD73: -0.13110694 | AE73: 0.23771004 | AF73: 0.1775352 | AG73: 0.1566144 | AH73: 0.03795908 | AI73: 0.13972327 | AJ73: -0.026514154 | AK73: 0.11454664 | AL73: 0.083577834 | AM73: 0.10878156 | AN73: 0.067540586 | AO73: 0.05895883 | AP73: 0.11127218 | AQ73: 0.20673251 | AR73: 0.27653533 | AS73: 0.0727566 | AT73: 0.18376042 | AU73: 0.19600892 | AV73: 0.16555475 | AW73: 0.26834127 | AX73: 0.026268603 | AY73: 0.15264462 | AZ73: 0.9514068 | BA73: 0.0024891112 | BB73: 0.15049526 | BC73: -0.022258282 | BD73: 0.341619 | BE73: 0.12841524 | BF73: 0.29082355 | BG73: 0.18334834 | BH73: 0.10925698 | BI73: 0.14306727 | BJ73: 0.19476955 | BK73: 0.09430898 | BL73: 0.10304508 | BM73: 0.25982037 | BN73: 0.030234432 | BO73: 0.2771443 | BP73: 0.07796468 | BQ73: 0.10481463 | BR73: 0.13347156 | BS73: 0.040093366 | BT73: 0.21301834 | BU73: 0.11688177 | BV73: 0.1296962 | BW73: 0.13971834 | BX73: 0.22791865 | BY73: 0.18515691 | BZ73: 0.18994756 | CA73: 0.14493953 | CB73: 0.18044207 | CC73: 0.32809645 | CD73: 0.40137428 | CE73: 0.3004411 | CF73: 0.00079918944 | CG73: 0.22075614 | CH73: 0.1261211 | CI73: 0.07190512 | CJ73: 0.12622641 | CK73: 0.06231743 | CL73: 0.15687276 | CM73: 0.09970603 | CN73: 0.24381201 | CO73: 0.21201693 | CP73: 0.07281915 | CQ73: 0.21191098 | CR73: 0.2583195 | CS73: 0.16097482 | CT73: 0.11882902 | CU73: 0.16747747 | CV73: 0.18669829 | CW73: 0.32146046 | CX73: 0.16825844 | CY73: 0.19438502 | CZ73: 0.25393033 | DA73: 0.24835664 | DB73: 0.060625326 | DC73: 0.9672831 | DD73: 0.27133492 | DE73: 0.23028523 | DF73: =AVERAGE(D73:J73,L73:AY73,BA73:DB73,DD73:DE73) -> 0.15286462 | DG73: =IF(DF73>=0.25,1,0) -> 0 | DH73: 0.0015060241 | DI73: =VLOOKUP(B73,owner_jaccard!$C$1:$E$1128,3,FALSE) -> 0.16666667 | DJ73: =VLOOKUP(B73,partic_jaccard!$C$1:$E$1128,3,FALSE) -> 0.16 | DK73: =VLOOKUP(B73,rtword_jaccard!$C$1:$E$1128,3,FALSE) -> 0.19047619 | DL73: =VLOOKUP(B73,rtword_jaccard!$C$1:$F$1128,4,FALSE) -> 0.24223602 | DM73: =VLOOKUP(B73,rtword_jaccard!$C$1:$G$1128,5,FALSE) -> 0.23966942 | DN73: =VLOOKUP(B73,owner_j_重み付き!$C$1:$E$1128,3) -> 0.0089 | DO73: =VLOOKUP(B73,part_j_重み付き!$C$1:$E$1128,3,FALSE) -> 0.0356 | DP73: =VLOOKUP(B73,journalsection_jaccard!$C$2:$E$1129,3,FALSE) -> 0.31578947 | DQ73: =VLOOKUP(B73,journalsection_jaccard!$C$2:$F$1129,4,FALSE) -> 0.36054422 | DR73: =VLOOKUP(B73,journalsection_jaccard!$C$2:$G$1129,5,FALSE) -> 0.2987013 | DS73: =VLOOKUP(B73,journalsection_jaccard!$C$2:$H$1129,6,FALSE) -> 0.17647059
A74: 67 | B74: Computer Science vs Forests and Global Change | C74: コンピュータサイエンスと森林と地球変動のフロンティア | D74: 0.0027177052 | E74: 0.10506226 | F74: 0.02100255 | G74: 0.2297367 | H74: 0.13858822 | I74: 0.19030645 | J74: 0.14314574 | K74: 0.9877312 | L74: 0.22661377 | M74: 0.21707156 | N74: 0.16782421 | O74: 0.10535094 | P74: 0.21536244 | Q74: 0.2518982 | R74: 0.11939245 | S74: 0.16562985 | T74: 0.2598395 | U74: 0.0076148435 | V74: 0.17180255 | W74: 0.1872911 | X74: 0.15907022 | Y74: 0.17356934 | Z74: 3.203058e-05 | AA74: 0.059063815 | AB74: 0.17616719 | AC74: 0.071130164 | AD74: -0.17391191 | AE74: 0.22934051 | AF74: 0.19371347 | AG74: 0.32207468 | AH74: 0.011586576 | AI74: -0.09698066 | AJ74: 0.06751811 | AK74: 0.019855333 | AL74: 0.04375214 | AM74: 0.043804068 | AN74: -0.030304959 | AO74: 0.051977687 | AP74: 0.11312243 | AQ74: 0.19267908 | AR74: 0.25924352 | AS74: -0.0024176333 | AT74: 0.1304525 | AU74: 0.10211362 | AV74: 0.17465898 | AW74: 0.14346132 | AX74: 0.013405254 | AY74: 0.2210988 | AZ74: 0.9280865 | BA74: -0.06806742 | BB74: 0.23284546 | BC74: 0.11611405 | BD74: 0.23168059 | BE74: 0.14720458 | BF74: 0.23065904 | BG74: 0.2490494 | BH74: 0.11077219 | BI74: 0.1152827 | BJ74: 0.2827772 | BK74: 0.32083377 | BL74: 0.1635675 | BM74: 0.098152265 | BN74: 0.20463629 | BO74: 0.25779656 | BP74: 0.17804688 | BQ74: 0.04122749 | BR74: 0.04287758 | BS74: 0.18321754 | BT74: 0.18314637 | BU74: 0.036420982 | BV74: 0.13363819 | BW74: 0.136748 | BX74: 0.2277489 | BY74: 0.15707992 | BZ74: 0.1519092 | CA74: 0.35832375 | CB74: 0.18586718 | CC74: 0.17090863 | CD74: 0.2549353 | CE74: 0.24007297 | CF74: 0.022564184 | CG74: 0.14587244 | CH74: 0.18341233 | CI74: 0.10444827 | CJ74: 0.35574967 | CK74: 0.025703453 | CL74: 0.19458383 | CM74: 0.053051263 | CN74: 0.28843778 | CO74: 0.0754029 | CP74: 0.07429853 | CQ74: 0.03325421 | CR74: 0.25995684 | CS74: 0.16505863 | CT74: 0.37053728 | CU74: 0.058695387 | CV74: 0.13666548 | CW74: 0.40902758 | CX74: 0.35551548 | CY74: 0.22850023 | CZ74: 0.4144189 | DA74: 0.15436238 | DB74: 0.035350528 | DC74: 0.9629712 | DD74: 0.15635364 | DE74: 0.2747081 | DF74: =AVERAGE(D74:J74,L74:AY74,BA74:DB74,DD74:DE74) -> 0.15094106 | DG74: =IF(DF74>=0.25,1,0) -> 0 | DH74: 0 | DI74: =VLOOKUP(B74,owner_jaccard!$C$1:$E$1128,3,FALSE) -> 0.029411765 | DJ74: =VLOOKUP(B74,partic_jaccard!$C$1:$E$1128,3,FALSE) -> 0.083333333 | DK74: =VLOOKUP(B74,rtword_jaccard!$C$1:$E$1128,3,FALSE) -> 0.075268817 | DL74: =VLOOKUP(B74,rtword_jaccard!$C$1:$F$1128,4,FALSE) -> 0.1627907 | DM74: =VLOOKUP(B74,rtword_jaccard!$C$1:$G$1128,5,FALSE) -> 0.17647059 | DN74: =VLOOKUP(B74,owner_j_重み付き!$C$1:$E$1128,3) -> 0.0006 | DO74: =VLOOKUP(B74,part_j_重み付き!$C$1:$E$1128,3,FALSE) -> 0.0156 | DP74: =VLOOKUP(B74,journalsection_jaccard!$C$2:$E$1129,3,FALSE) -> 0.42857143 | DQ74: =VLOOKUP(B74,journalsection_jaccard!$C$2:$F$1129,4,FALSE) -> 0.34228188 | DR74: =VLOOKUP(B74,journalsection_jaccard!$C$2:$G$1129,5,FALSE) -> 0.30434783 | DS74: =VLOOKUP(B74,journalsection_jaccard!$C$2:$H$1129,6,FALSE) -> 0.14942529
A75: 68 | B75: Computer Science vs Genetics | C75: コンピュータサイエンスと遺伝学の最先端 | D75: 0.11844641 | E75: -0.033994395 | F75: 0.19256827 | G75: 0.21989487 | H75: 0.23881923 | I75: 0.033506844 | J75: 0.18000571 | K75: 0.98314446 | L75: 0.20461242 | M75: 0.19677044 | N75: 0.15411232 | O75: 0.0325995 | P75: 0.22401275 | Q75: 0.2801864 | R75: 0.05920617 | S75: 0.097906426 | T75: 0.28006238 | U75: 0.2975459 | V75: 0.12686694 | W75: 0.080967166 | X75: 0.15167932 | Y75: 0.22075616 | Z75: 0.24433424 | AA75: 0.14283198 | AB75: 0.1562093 | AC75: 0.25417966 | AD75: -0.11514155 | AE75: 0.089750044 | AF75: 0.32859835 | AG75: 0.20541371 | AH75: 0.022427669 | AI75: 0.17541558 | AJ75: 0.15677842 | AK75: -0.006691505 | AL75: 0.04806868 | AM75: 0.28563714 | AN75: 0.13774316 | AO75: 0.17072943 | AP75: 0.33946282 | AQ75: 0.16991943 | AR75: 0.14850128 | AS75: 0.081995614 | AT75: -0.077484176 | AU75: 0.018136581 | AV75: 0.02493472 | AW75: 0.080554284 | AX75: 0.09894994 | AY75: 0.02450603 | AZ75: 0.95790356 | BA75: 0.033051677 | BB75: 0.10008556 | BC75: 0.07123409 | BD75: 0.14691281 | BE75: 0.08197813 | BF75: 0.11102477 | BG75: 0.14709535 | BH75: 0.2538418 | BI75: 0.29135755 | BJ75: 0.19554758 | BK75: 0.27246436 | BL75: -0.038254533 | BM75: 0.3070143 | BN75: 0.14099428 | BO75: 0.30712533 | BP75: 0.31796908 | BQ75: 0.19728655 | BR75: 0.1339387 | BS75: 0.11662974 | BT75: 0.20348932 | BU75: 0.16565397 | BV75: 0.025981577 | BW75: 0.11320706 | BX75: 0.47110373 | BY75: 0.09980091 | BZ75: 0.2195693 | CA75: 0.24379869 | CB75: 0.14189522 | CC75: 0.22539899 | CD75: 0.23613878 | CE75: 0.06129209 | CF75: 0.13898784 | CG75: 0.17977723 | CH75: 0.24779819 | CI75: 0.08416476 | CJ75: 0.19184694 | CK75: -0.008145536 | CL75: -0.030930743 | CM75: 0.023183785 | CN75: 0.095243186 | CO75: 0.10206313 | CP75: 0.09236268 | CQ75: 0.0071212496 | CR75: 0.14365992 | CS75: 0.17396346 | CT75: 0.17177658 | CU75: 0.08254648 | CV75: 0.19050503 | CW75: 0.099035084 | CX75: 0.11429684 | CY75: 0.238438 | CZ75: 0.27264053 | DA75: 0.297301 | DB75: 0.19835499 | DC75: 0.9749841 | DD75: 0.11630616 | DE75: 0.22935078 | DF75: =AVERAGE(D75:J75,L75:AY75,BA75:DB75,DD75:DE75) -> 0.14959773 | DG75: =IF(DF75>=0.25,1,0) -> 0 | DH75: 0 | DI75: =VLOOKUP(B75,owner_jaccard!$C$1:$E$1128,3,FALSE) -> 0.29787234 | DJ75: =VLOOKUP(B75,partic_jaccard!$C$1:$E$1128,3,FALSE) -> 0.19354839 | DK75: =VLOOKUP(B75,rtword_jaccard!$C$1:$E$1128,3,FALSE) -> 0.17647059 | DL75: =VLOOKUP(B75,rtword_jaccard!$C$1:$F$1128,4,FALSE) -> 0.19760479 | DM75: =VLOOKUP(B75,rtword_jaccard!$C$1:$G$1128,5,FALSE) -> 0.2244898 | DN75: =VLOOKUP(B75,owner_j_重み付き!$C$1:$E$1128,3) -> 0.0056 | DO75: =VLOOKUP(B75,part_j_重み付き!$C$1:$E$1128,3,FALSE) -> 0.0231 | DP75: =VLOOKUP(B75,journalsection_jaccard!$C$2:$E$1129,3,FALSE) -> 0.49253731 | DQ75: =VLOOKUP(B75,journalsection_jaccard!$C$2:$F$1129,4,FALSE) -> 0.35135135 | DR75: =VLOOKUP(B75,journalsection_jaccard!$C$2:$G$1129,5,FALSE) -> 0.26582278 | DS75: =VLOOKUP(B75,journalsection_jaccard!$C$2:$H$1129,6,FALSE) -> 0.17647059
A76: 69 | B76: Computer Science vs Human Neuroscience | C76: コンピュータサイエンスと人間の神経科学の最先端 | D76: -0.036477033 | E76: -0.044258736 | F76: 0.04023705 | G76: 0.2177928 | H76: 0.13346052 | I76: 0.06986011 | J76: 0.06615501 | K76: 0.9834209 | L76: -0.11333726 | M76: 0.26269805 | N76: 0.3109131 | O76: -0.020249186 | P76: -0.07563153 | Q76: 0.3290213 | R76: 0.08146219 | S76: -0.0042012827 | T76: 0.17209212 | U76: 0.06955457 | V76: 0.20933278 | W76: 0.02260321 | X76: 0.16631007 | Y76: 0.14170578 | Z76: -0.032318804 | AA76: 0.1290866 | AB76: 0.19149125 | AC76: 0.32735214 | AD76: 0.12221736 | AE76: 0.18818186 | AF76: 0.17562509 | AG76: 0.021365788 | AH76: 0.042915888 | AI76: 0.12180369 | AJ76: 0.23640296 | AK76: 0.1490685 | AL76: 0.20916827 | AM76: 0.21510845 | AN76: 0.14912593 | AO76: 0.2545052 | AP76: 0.27481022 | AQ76: 0.16432194 | AR76: 0.21659432 | AS76: -0.025843423 | AT76: -0.020744534 | AU76: 0.018082002 | AV76: 0.21351075 | AW76: 0.1834951 | AX76: 0.18528312 | AY76: 0.1550744 | AZ76: 0.95986587 | BA76: 0.046251398 | BB76: 0.1347315 | BC76: 0.09143671 | BD76: 0.18067321 | BE76: 0.18920268 | BF76: 0.291863 | BG76: 0.12874518 | BH76: 0.15065414 | BI76: 0.12660217 | BJ76: 0.23986171 | BK76: 0.38564438 | BL76: 0.10168606 | BM76: 0.06668708 | BN76: 0.11074041 | BO76: 0.17192723 | BP76: 0.15192834 | BQ76: 0.012917552 | BR76: 0.2182333 | BS76: 0.2156154 | BT76: 0.32597756 | BU76: 0.15719447 | BV76: 0.028655205 | BW76: 0.17923288 | BX76: 0.24764052 | BY76: 0.09541421 | BZ76: 0.2185257 | CA76: 0.12725061 | CB76: 0.29170015 | CC76: 0.27060568 | CD76: 0.34605885 | CE76: 0.32969114 | CF76: 0.076671965 | CG76: 0.1556313 | CH76: 0.388612 | CI76: 0.1364634 | CJ76: 0.26020214 | CK76: -0.022500508 | CL76: 0.09943454 | CM76: 0.06810914 | CN76: 0.08234873 | CO76: 0.20580626 | CP76: 0.25574812 | CQ76: 0.028258907 | CR76: 0.30449796 | CS76: 0.29797387 | CT76: 0.18646906 | CU76: 0.023672694 | CV76: 0.4434642 | CW76: 0.14590922 | CX76: 0.182608 | CY76: 0.31456912 | CZ76: 0.17484239 | DA76: 0.30072358 | DB76: 0.16864075 | DC76: 0.9695718 | DD76: 0.15572 | DE76: 0.12334264 | DF76: =AVERAGE(D76:J76,L76:AY76,BA76:DB76,DD76:DE76) -> 0.15587666 | DG76: =IF(DF76>=0.25,1,0) -> 0 | DH76: 0.0076949194 | DI76: =VLOOKUP(B76,owner_jaccard!$C$1:$E$1128,3,FALSE) -> 0.29090909 | DJ76: =VLOOKUP(B76,partic_jaccard!$C$1:$E$1128,3,FALSE) -> 0.13636364 | DK76: =VLOOKUP(B76,rtword_jaccard!$C$1:$E$1128,3,FALSE) -> 0.19047619 | DL76: =VLOOKUP(B76,rtword_jaccard!$C$1:$F$1128,4,FALSE) -> 0.27388535 | DM76: =VLOOKUP(B76,rtword_jaccard!$C$1:$G$1128,5,FALSE) -> 0.34529148 | DN76: =VLOOKUP(B76,owner_j_重み付き!$C$1:$E$1128,3) -> 0.0206 | DO76: =VLOOKUP(B76,part_j_重み付き!$C$1:$E$1128,3,FALSE) -> 0.0543 | DP76: =VLOOKUP(B76,journalsection_jaccard!$C$2:$E$1129,3,FALSE) -> 0.38888889 | DQ76: =VLOOKUP(B76,journalsection_jaccard!$C$2:$F$1129,4,FALSE) -> 0.37931034 | DR76: =VLOOKUP(B76,journalsection_jaccard!$C$2:$G$1129,5,FALSE) -> 0.30434783 | DS76: =VLOOKUP(B76,journalsection_jaccard!$C$2:$H$1129,6,FALSE) -> 0.2195122
A77: 70 | B77: Computer Science vs Immunology | C77: コンピュータサイエンスと免疫学の最先端 | D77: -0.02466101 | E77: 0.014277399 | F77: 0.2786312 | G77: 0.11398692 | H77: 0.22540686 | I77: 0.062457692 | J77: -0.058715556 | K77: 0.9809209 | L77: -0.0013309771 | M77: 0.24114652 | N77: 0.1544303 | O77: -0.0027861341 | P77: 0.11532734 | Q77: 0.22721836 | R77: 0.16425718 | S77: 0.13210492 | T77: 0.17083856 | U77: 0.2848557 | V77: 0.12718007 | W77: 0.046492893 | X77: 0.2403987 | Y77: 0.2219666 | Z77: 0.16695978 | AA77: 0.2865732 | AB77: -0.008739922 | AC77: 0.3584925 | AD77: 0.024921672 | AE77: 0.03705924 | AF77: 0.17123929 | AG77: 0.06543888 | AH77: 0.12698731 | AI77: 0.25120488 | AJ77: 0.021754751 | AK77: 0.04553802 | AL77: 0.12154689 | AM77: 0.3866826 | AN77: 0.016423713 | AO77: 0.24866036 | AP77: 0.26038232 | AQ77: 0.11317879 | AR77: 0.26311 | AS77: -0.13416845 | AT77: 0.15301201 | AU77: -0.09046838 | AV77: 0.05830541 | AW77: 0.12908342 | AX77: 0.12064726 | AY77: 0.18094847 | AZ77: 0.95154214 | BA77: -0.1531668 | BB77: 0.0021639194 | BC77: 0.21968254 | BD77: 0.26344156 | BE77: 0.095150255 | BF77: 0.006378077 | BG77: 0.17929639 | BH77: 0.095892794 | BI77: 0.12194217 | BJ77: 0.19945721 | BK77: 0.10287698 | BL77: 0.13098286 | BM77: 0.11787105 | BN77: 0.04205919 | BO77: 0.13289948 | BP77: 0.2085343 | BQ77: -0.1330981 | BR77: 0.113226 | BS77: 0.036550734 | BT77: 0.09987183 | BU77: 0.17397237 | BV77: -0.092602365 | BW77: 0.21427225 | BX77: 0.26001498 | BY77: 0.042199988 | BZ77: -0.03499212 | CA77: 0.18310744 | CB77: 0.28603485 | CC77: 0.23548739 | CD77: 0.26694793 | CE77: 0.050351094 | CF77: 0.2770924 | CG77: 0.16727152 | CH77: 0.35840905 | CI77: 0.06864432 | CJ77: 0.21380429 | CK77: -0.10541845 | CL77: 0.09036931 | CM77: -0.057206735 | CN77: 0.10816989 | CO77: 0.104044 | CP77: 0.052706383 | CQ77: -0.053406183 | CR77: 0.21734507 | CS77: 0.14382493 | CT77: 0.009930559 | CU77: 0.12530176 | CV77: 0.29843718 | CW77: 0.10612704 | CX77: 0.1626373 | CY77: 0.036243886 | CZ77: 0.20131664 | DA77: 0.11104135 | DB77: 0.20176816 | DC77: 0.954412 | DD77: 0.18999396 | DE77: 0.09511543 | DF77: =AVERAGE(D77:J77,L77:AY77,BA77:DB77,DD77:DE77) -> 0.12328764 | DG77: =IF(DF77>=0.25,1,0) -> 0 | DH77: 0 | DI77: =VLOOKUP(B77,owner_jaccard!$C$1:$E$1128,3,FALSE) -> 0.19148936 | DJ77: =VLOOKUP(B77,partic_jaccard!$C$1:$E$1128,3,FALSE) -> 0.20588235 | DK77: =VLOOKUP(B77,rtword_jaccard!$C$1:$E$1128,3,FALSE) -> 0.063829787 | DL77: =VLOOKUP(B77,rtword_jaccard!$C$1:$F$1128,4,FALSE) -> 0.14942529 | DM77: =VLOOKUP(B77,rtword_jaccard!$C$1:$G$1128,5,FALSE) -> 0.15830116 | DN77: =VLOOKUP(B77,owner_j_重み付き!$C$1:$E$1128,3) -> 0.002 | DO77: =VLOOKUP(B77,part_j_重み付き!$C$1:$E$1128,3,FALSE) -> 0.0066 | DP77: =VLOOKUP(B77,journalsection_jaccard!$C$2:$E$1129,3,FALSE) -> 0.42857143 | DQ77: =VLOOKUP(B77,journalsection_jaccard!$C$2:$F$1129,4,FALSE) -> 0.34228188 | DR77: =VLOOKUP(B77,journalsection_jaccard!$C$2:$G$1129,5,FALSE) -> 0.23966942 | DS77: =VLOOKUP(B77,journalsection_jaccard!$C$2:$H$1129,6,FALSE) -> 0.1627907
A78: 71 | B78: Computer Science vs Marine Science | C78: コンピュータサイエンスと海洋科学の最先端 | D78: -0.033120498 | E78: -0.022192141 | F78: 0.14927822 | G78: 0.17814544 | H78: 0.12859425 | I78: -0.06593301 | J78: 0.11038067 | K78: 0.9808123 | L78: 0.041767206 | M78: 0.28753397 | N78: 0.24067841 | O78: 0.26569378 | P78: 0.022357674 | Q78: 0.16466132 | R78: 0.09089351 | S78: 0.012919345 | T78: 0.31884745 | U78: 0.25253102 | V78: 0.1073142 | W78: 0.11923922 | X78: 0.041721072 | Y78: 0.015384888 | Z78: 0.23526053 | AA78: 0.074843 | AB78: 0.2204497 | AC78: 0.20152994 | AD78: 0.07640134 | AE78: 0.15565687 | AF78: 0.26508677 | AG78: 0.17105898 | AH78: 0.1398746 | AI78: 0.12798648 | AJ78: 0.11284673 | AK78: 0.078775674 | AL78: 0.26477018 | AM78: 0.15598422 | AN78: -0.10742132 | AO78: 0.19039208 | AP78: 0.090957366 | AQ78: 0.12473457 | AR78: 0.28121716 | AS78: -0.12473826 | AT78: 0.16359206 | AU78: 0.08954355 | AV78: 0.06568279 | AW78: 0.2414424 | AX78: 0.075071245 | AY78: 0.08733161 | AZ78: 0.9578982 | BA78: 0.07860372 | BB78: 0.1241436 | BC78: 0.1925447 | BD78: 0.0946628 | BE78: 0.04461086 | BF78: 0.34637636 | BG78: 0.1229686 | BH78: 0.24797899 | BI78: 0.26353896 | BJ78: 0.27653772 | BK78: 0.1868884 | BL78: 0.23484409 | BM78: 0.25210017 | BN78: 0.1896251 | BO78: 0.40511027 | BP78: 0.23509094 | BQ78: 0.0067146076 | BR78: 0.043107487 | BS78: 0.1513497 | BT78: 0.09609515 | BU78: 0.11393193 | BV78: -0.03585358 | BW78: 0.174273 | BX78: 0.2637488 | BY78: 0.09454642 | BZ78: 0.06282943 | CA78: 0.11442412 | CB78: 0.25888035 | CC78: 0.31549457 | CD78: 0.27776396 | CE78: 0.17846017 | CF78: 0.035207473 | CG78: 0.10513712 | CH78: 0.20517139 | CI78: 0.26304215 | CJ78: 0.30162612 | CK78: 0.21176666 | CL78: 0.078177474 | CM78: 0.04129515 | CN78: 0.14029844 | CO78: 0.0028533656 | CP78: 0.1538298 | CQ78: 0.14955725 | CR78: 0.30435145 | CS78: 0.1777861 | CT78: 0.1624838 | CU78: 0.048394404 | CV78: 0.34822336 | CW78: 0.22647041 | CX78: 0.23293003 | CY78: 0.33132064 | CZ78: 0.2178297 | DA78: 0.048744883 | DB78: 0.1604605 | DC78: 0.9663403 | DD78: 0.14925861 | DE78: 0.0701855 | DF78: =AVERAGE(D78:J78,L78:AY78,BA78:DB78,DD78:DE78) -> 0.15012446 | DG78: =IF(DF78>=0.25,1,0) -> 0 | DH78: 0 | DI78: =VLOOKUP(B78,owner_jaccard!$C$1:$E$1128,3,FALSE) -> 0.15384615 | DJ78: =VLOOKUP(B78,partic_jaccard!$C$1:$E$1128,3,FALSE) -> 0.083333333 | DK78: =VLOOKUP(B78,rtword_jaccard!$C$1:$E$1128,3,FALSE) -> 0.12359551 | DL78: =VLOOKUP(B78,rtword_jaccard!$C$1:$F$1128,4,FALSE) -> 0.25 | DM78: =VLOOKUP(B78,rtword_jaccard!$C$1:$G$1128,5,FALSE) -> 0.26582278 | DN78: =VLOOKUP(B78,owner_j_重み付き!$C$1:$E$1128,3) -> 0.0013 | DO78: =VLOOKUP(B78,part_j_重み付き!$C$1:$E$1128,3,FALSE) -> 0.0113 | DP78: =VLOOKUP(B78,journalsection_jaccard!$C$2:$E$1129,3,FALSE) -> 0.33333333 | DQ78: =VLOOKUP(B78,journalsection_jaccard!$C$2:$F$1129,4,FALSE) -> 0.33333333 | DR78: =VLOOKUP(B78,journalsection_jaccard!$C$2:$G$1129,5,FALSE) -> 0.28205128 | DS78: =VLOOKUP(B78,journalsection_jaccard!$C$2:$H$1129,6,FALSE) -> 0.14942529
... A100: 93 | B100: Computer Science vs Water | C100: コンピュータサイエンス vs 水の最先端 | D100: 0.16036387 | E100: -0.09992591 | F100: 0.083081156 | G100: 0.09064009 | H100: 0.10989369 | I100: 0.056941662 | J100: 0.2638474 | K100: 0.9914771 | L100: 0.25371423 | M100: 0.42839405 | N100: 0.21754648 | O100: 0.039055113 | P100: 0.28940034 | Q100: 0.052555185 | R100: -0.055793058 | S100: 0.07322614 | T100: 0.30717215 | U100: 0.31150585 | V100: 0.12737888 | W100: 0.01163578 | X100: 0.18850887 | Y100: 0.18864916 | Z100: 0.057605468 | AA100: 0.17413083 | AB100: 0.18436356 | AC100: 0.2787704 | AD100: -0.16176869 | AE100: 0.18647332 | AF100: 0.2899979 | AG100: 0.29710925 | AH100: 0.012097791 | AI100: 0.31977716 | AJ100: 0.19923541 | AK100: 0.06835366 | AL100: 0.1225436 | AM100: 0.25736448 | AN100: 0.10350858 | AO100: 0.10214011 | AP100: 0.22206222 | AQ100: 0.18275674 | AR100: 0.26633844 | AS100: -0.010837249 | AT100: 0.060907792 | AU100: 0.11054857 | AV100: 0.10055426 | AW100: 0.19731213 | AX100: 0.015092021 | AY100: 0.04453733 | AZ100: 0.93878776 | BA100: 0.007966769 | BB100: 0.31689978 | BC100: 0.17798613 | BD100: 0.16402067 | BE100: 0.048588626 | BF100: 0.40051305 | BG100: 0.09932785 | BH100: 0.074646726 | BI100: 0.11251032 | BJ100: 0.10472196 | BK100: 0.2597152 | BL100: 0.24014176 | BM100: 0.28187594 | BN100: 0.033921298 | BO100: 0.1869826 | BP100: 0.5348236 | BQ100: 0.19534923 | BR100: 0.16946568 | BS100: 0.17771186 | BT100: 0.21896785 | BU100: 0.10506297 | BV100: 0.15058924 | BW100: 0.10808844 | BX100: 0.27671483 | BY100: 0.13057567 | BZ100: 0.1996668 | CA100: 0.12221272 | CB100: 0.11454072 | CC100: 0.21432303 | CD100: 0.3202683 | CE100: 0.16929978 | CF100: 0.13251264 | CG100: 0.023219282 | CH100: 0.14239822 | CI100: 0.23639166 | CJ100: 0.24413863 | CK100: 0.15215357 | CL100: 0.16205485 | CM100: 0.22246788 | CN100: 0.37891242 | CO100: 0.12047651 | CP100: 0.18280818 | CQ100: 0.038360287 | CR100: 0.23658781 | CS100: 0.16699497 | CT100: 0.071648076 | CU100: 0.19046961 | CV100: 0.25723347 | CW100: 0.15272845 | CX100: 0.15758279 | CY100: 0.11541468 | CZ100: 0.16666783 | DA100: 0.15441763 | DB100: 0.20421915 | DC100: 0.96720606 | DD100: 0.071874745 | DE100: 0.18995595 | DF100: =AVERAGE(D100:J100,L100:AY100,BA100:DB100,DD100:DE100) -> 0.16182461 | DG100: =IF(DF100>=0.25,1,0) -> 0 | DH100: 0 | DI100: =VLOOKUP(B100,owner_jaccard!$C$1:$E$1128,3,FALSE) -> 0.13333333 | DJ100: =VLOOKUP(B100,partic_jaccard!$C$1:$E$1128,3,FALSE) -> 0 | DK100: =VLOOKUP(B100,rtword_jaccard!$C$1:$E$1128,3,FALSE) -> 0.28205128 | DL100: =VLOOKUP(B100,rtword_jaccard!$C$1:$F$1128,4,FALSE) -> 0.25786164 | DM100: =VLOOKUP(B100,rtword_jaccard!$C$1:$G$1128,5,FALSE) -> 0.30434783 | DN100: =VLOOKUP(B100,owner_j_重み付き!$C$1:$E$1128,3) -> 0.0035 | DO100: =VLOOKUP(B100,part_j_重み付き!$C$1:$E$1128,3,FALSE) -> 0 | DP100: =VLOOKUP(B100,journalsection_jaccard!$C$2:$E$1129,3,FALSE) -> 0.33333333 | DQ100: =VLOOKUP(B100,journalsection_jaccard!$C$2:$F$1129,4,FALSE) -> 0.37931034 | DR100: =VLOOKUP(B100,journalsection_jaccard!$C$2:$G$1129,5,FALSE) -> 0.32743363 | DS100: =VLOOKUP(B100,journalsection_jaccard!$C$2:$H$1129,6,FALSE) -> 0.1627907
A101: 94 | B101: Psychology vs Aging Neuroscience | C101: 心理学と老化神経科学の最前線 | D101: 0.15812644 | E101: 0.3096475 | F101: 0.2753384 | G101: 0.45143718 | H101: 0.07798725 | I101: 0.12472913 | J101: 0.45094526 | K101: 0.98456484 | L101: 0.13537471 | M101: 0.061805855 | N101: 0.30727804 | O101: -0.04249213 | P101: 0.19014771 | Q101: 0.41199023 | R101: 0.30973992 | S101: 0.011856155 | T101: 0.2155995 | U101: -0.05384045 | V101: 0.10132678 | W101: 0.10843742 | X101: 0.19936876 | Y101: 0.14563006 | Z101: 0.21883793 | AA101: 0.22210678 | AB101: 0.16736227 | AC101: 0.13422891 | AD101: 0.04439807 | AE101: 0.10061753 | AF101: 0.31700683 | AG101: 0.1897121 | AH101: 0.043975297 | AI101: 0.35535797 | AJ101: 0.20835751 | AK101: 0.30266356 | AL101: 0.015731031 | AM101: 0.15006304 | AN101: 0.05946541 | AO101: 0.2728652 | AP101: 0.29389235 | AQ101: 0.22634614 | AR101: 0.20288308 | AS101: 0.11982425 | AT101: 0.045842316 | AU101: 0.34335077 | AV101: 0.18236609 | AW101: 0.3550103 | AX101: 0.16465841 | AY101: 0.2607315 | AZ101: 0.98226637 | BA101: 0.15313086 | BB101: 0.17988537 | BC101: 0.10982189 | BD101: 0.26513067 | BE101: -0.061766494 | BF101: 0.27424607 | BG101: 0.2649577 | BH101: 0.2568676 | BI101: 0.33399498 | BJ101: 0.17076592 | BK101: 0.40160254 | BL101: 0.1395232 | BM101: 0.11667206 | BN101: 0.26423442 | BO101: 0.36295307 | BP101: 0.022139456 | BQ101: 0.097824745 | BR101: 0.2985068 | BS101: 0.3457045 | BT101: 0.32965457 | BU101: 0.25975278 | BV101: 0.19145484 | BW101: 0.3678778 | BX101: 0.20518245 | BY101: 0.13143216 | BZ101: 0.19605014 | CA101: 0.29953542 | CB101: 0.15488651 | CC101: 0.23145083 | CD101: 0.4649729 | CE101: 0.32642922 | CF101: 0.28312832 | CG101: 0.2548877 | CH101: 0.28314042 | CI101: 0.1708408 | CJ101: 0.3725347 | CK101: 0.25755128 | CL101: 0.18642966 | CM101: 0.023675608 | CN101: 0.12292324 | CO101: 0.31038573 | CP101: 0.38350946 | CQ101: 0.28636596 | CR101: 0.3909815 | CS101: 0.26753935 | CT101: 0.13809083 | CU101: 0.12364563 | CV101: 0.28552634 | CW101: 0.24051425 | CX101: 0.22339474 | CY101: 0.27701873 | CZ101: 0.4109507 | DA101: 0.2766135 | DB101: 0.34135962 | DC101: 0.9745546 | DD101: 0.20452055 | DE101: 0.28199086 | DF101: =AVERAGE(D101:J101,L101:AY101,BA101:DB101,DD101:DE101) -> 0.21845129 | DG101: =IF(DF101>=0.25,1,0) -> 0 | DH101: 0.0054976517 | DI101: =VLOOKUP(B101,owner_jaccard!$D$1:$E$1128,2,FALSE) -> 0.27868852 | DJ101: =VLOOKUP(B101,partic_jaccard!$D$1:$E$1128,2,FALSE) -> 0.35135135 | DK101: =VLOOKUP(B101,rtword_jaccard!$D$1:$E$1128,2,FALSE) -> 0.20481928 | DL101: =VLOOKUP(B101,rtword_jaccard!$D$1:$F$1128,3,FALSE) -> 0.27388535 | DM101: =VLOOKUP(B101,rtword_jaccard!$D$1:$G$1128,4,FALSE) -> 0.28205128 | DN101: =VLOOKUP(B101,owner_j_重み付き!$C$1:$E$1128,3) -> 0.0003 | DO101: =VLOOKUP(B101,part_j_重み付き!$D$1:$E$1128,2,FALSE) -> 0.0091 | DP101: =VLOOKUP(B101,journalsection_jaccard!$C$2:$E$1129,3,FALSE) -> 0.36986301 | DQ101: =VLOOKUP(B101,journalsection_jaccard!$C$2:$F$1129,4,FALSE) -> 0.3986014 | DR101: =VLOOKUP(B101,journalsection_jaccard!$C$2:$G$1129,5,FALSE) -> 0.30434783 | DS101: =VLOOKUP(B101,journalsection_jaccard!$C$2:$H$1129,6,FALSE) -> 0.26582278
A102: 95 | B102: Psychology vs Applied Mathematics and Statistics | C102: 心理学と応用数学・統計学の最先端 | D102: 0.19696765 | E102: 0.08275709 | F102: -0.041852985 | G102: 0.10371648 | H102: 0.08612723 | I102: 0.007363187 | J102: 0.040327433 | K102: 0.98954237 | L102: 0.045083255 | M102: 0.1410526 | N102: 0.22232091 | O102: 0.13058327 | P102: 0.06611742 | Q102: 0.20994848 | R102: 0.06053364 | S102: 0.070369266 | T102: 0.25953406 | U102: 0.22442156 | V102: -0.08637105 | W102: -0.03570082 | X102: -0.037122358 | Y102: 0.07748784 | Z102: -0.06746217 | AA102: 0.05525445 | AB102: 0.02862248 | AC102: 0.12071212 | AD102: -0.016184637 | AE102: 0.20704877 | AF102: 0.040243495 | AG102: 0.1436106 | AH102: 0.055022124 | AI102: 0.22904041 | AJ102: 0.29015994 | AK102: 0.13353132 | AL102: 0.12947798 | AM102: 0.019350747 | AN102: 0.0019427431 | AO102: 0.041964762 | AP102: 0.27003953 | AQ102: 0.27778074 | AR102: 0.18453078 | AS102: -0.061127808 | AT102: 0.21433888 | AU102: 0.09788133 | AV102: 0.02425748 | AW102: 0.2797237 | AX102: 0.020669892 | AY102: 0.24764201 | AZ102: 0.94555664 | BA102: 0.056569517 | BB102: 0.20239379 | BC102: 0.13201927 | BD102: 0.19629481 | BE102: -0.0053679287 | BF102: 0.34986612 | BG102: 0.17417239 | BH102: 0.15619212 | BI102: 0.3048895 | BJ102: 0.09541322 | BK102: 0.2537604 | BL102: 0.04707508 | BM102: 0.01719997 | BN102: 0.061705377 | BO102: 0.3071578 | BP102: 0.1607038 | BQ102: 0.07270508 | BR102: 0.07051074 | BS102: 0.13794506 | BT102: -0.025371848 | BU102: 0.14559643 | BV102: -0.02200088 | BW102: 0.19230081 | BX102: 0.41312444 | BY102: 0.05369357 | BZ102: 0.27987143 | CA102: 0.04219953 | CB102: 0.033514302 | CC102: 0.041082412 | CD102: 0.2686013 | CE102: 0.26835838 | CF102: 0.11373512 | CG102: 0.20433821 | CH102: 0.078875996 | CI102: 0.14230184 | CJ102: 0.20593311 | CK102: -0.07055182 | CL102: 0.03951346 | CM102: -0.03174883 | CN102: 0.20028843 | CO102: 0.30104104 | CP102: 0.2891626 | CQ102: -0.00075430126 | CR102: 0.28429186 | CS102: 0.21387988 | CT102: 0.08465451 | CU102: 0.21833026 | CV102: 0.20156851 | CW102: 0.024360484 | CX102: 0.15276325 | CY102: 0.23226939 | CZ102: 0.39641964 | DA102: 0.20774902 | DB102: 0.17602213 | DC102: 0.9655191 | DD102: 0.020896347 | DE102: 0.12796347 | DF102: =AVERAGE(D102:J102,L102:AY102,BA102:DB102,DD102:DE102) -> 0.12706034 | DG102: =IF(DF102>=0.25,1,0) -> 0 | DH102: 0.015061546 | DI102: =VLOOKUP(B102,owner_jaccard!$D$1:$E$1128,2,FALSE) -> 0.20338983 | DJ102: =VLOOKUP(B102,partic_jaccard!$D$1:$E$1128,2,FALSE) -> 0.15151515 | DK102: =VLOOKUP(B102,rtword_jaccard!$D$1:$E$1128,2,FALSE) -> 0.11111111 | DL102: =VLOOKUP(B102,rtword_jaccard!$D$1:$F$1128,3,FALSE) -> 0.22699387 | DM102: =VLOOKUP(B102,rtword_jaccard!$D$1:$G$1128,4,FALSE) -> 0.27118644 | DN102: =VLOOKUP(B102,owner_j_重み付き!$C$1:$E$1128,3) -> 0.0003 | DO102: =VLOOKUP(B102,part_j_重み付き!$D$1:$E$1128,2,FALSE) -> 0.0007 | DP102: =VLOOKUP(B102,journalsection_jaccard!$D$2:$E$1129,2,FALSE) -> 0.4084507 | DQ102: =VLOOKUP(B102,journalsection_jaccard!$D$2:$F$1129,3,FALSE) -> 0.36054422 | DR102: =VLOOKUP(B102,journalsection_jaccard!$D$2:$G$1129,4,FALSE) -> 0.31004367 | DS102: =VLOOKUP(B102,journalsection_jaccard!$D$2:$H$1129,5,FALSE) -> 0.1627907
A103: 96 | B103: Psychology vs Astronomy and Space Sciences | C103: 心理学と天文学・宇宙科学の最先端 | D103: 0.31331268 | E103: 0.1508971 | F103: 0.06531421 | G103: 0.24184576 | H103: 0.10475814 | I103: 0.0022812837 | J103: 0.13386926 | K103: 0.9837887 | L103: 0.15259287 | M103: 0.14155798 | N103: 0.28560033 | O103: 0.09496663 | P103: 0.16779974 | Q103: 0.15885516 | R103: 0.07823601 | S103: 0.19140889 | T103: 0.26482162 | U103: 0.17276827 | V103: 0.08535281 | W103: -0.07436456 | X103: 0.18278411 | Y103: 0.033817206 | Z103: 0.2906841 | AA103: 0.08415491 | AB103: 0.12361701 | AC103: 0.16132303 | AD103: -0.021376833 | AE103: 0.06351818 | AF103: 0.26922864 | AG103: 0.12269662 | AH103: 0.031465296 | AI103: 0.34038493 | AJ103: 0.21790366 | AK103: 0.20611925 | AL103: 0.0021248956 | AM103: 0.21877456 | AN103: -0.07332052 | AO103: 0.17042254 | AP103: 0.017324451 | AQ103: 0.18815757 | AR103: 0.11786736 | AS103: 0.12513746 | AT103: 0.20447691 | AU103: 0.16116741 | AV103: 0.18575469 | AW103: 0.3672788 | AX103: 0.07761914 | AY103: 0.059131723 | AZ103: 0.9248836 | BA103: 0.2141893 | BB103: 0.23026302 | BC103: 0.19144946 | BD103: 0.10779395 | BE103: 0.06323113 | BF103: 0.20800915 | BG103: 0.16252595 | BH103: 0.11094839 | BI103: 0.20259292 | BJ103: 0.28575197 | BK103: 0.21199732 | BL103: 0.041884188 | BM103: 0.021376558 | BN103: 0.012946255 | BO103: 0.2860921 | BP103: 0.062207285 | BQ103: 0.09881194 | BR103: 0.16749142 | BS103: 0.32064977 | BT103: 0.16487919 | BU103: 0.23776059 | BV103: 0.15248393 | BW103: 0.16107447 | BX103: 0.28984302 | BY103: 0.04228417 | BZ103: 0.16254608 | CA103: 0.23587534 | CB103: 0.06425364 | CC103: 0.093064524 | CD103: 0.35811698 | CE103: 0.16268334 | CF103: 0.1833316 | CG103: 0.3254213 | CH103: 0.13880906 | CI103: 0.16094376 | CJ103: 0.3481615 | CK103: 0.14737499 | CL103: 0.15102342 | CM103: -0.13404436 | CN103: 0.2076732 | CO103: 0.17218313 | CP103: 0.16288415 | CQ103: 0.14170146 | CR103: 0.27934676 | CS103: 0.35376403 | CT103: 0.23085128 | CU103: 0.12780108 | CV103: 0.22448687 | CW103: -0.05329081 | CX103: 0.19806813 | CY103: 0.18278822 | CZ103: 0.3427042 | DA103: 0.14847662 | DB103: 0.30955297 | DC103: 0.9590782 | DD103: 0.0510193 | DE103: 0.11685788 | DF103: =AVERAGE(D103:J103,L103:AY103,BA103:DB103,DD103:DE103) -> 0.15828231 | DG103: =IF(DF103>=0.25,1,0) -> 0 | DH103: 4.1121803e-05 | DI103: =VLOOKUP(B103,owner_jaccard!$D$1:$E$1128,2,FALSE) -> 0.071428571 | DJ103: =VLOOKUP(B103,partic_jaccard!$D$1:$E$1128,2,FALSE) -> 0 | DK103: =VLOOKUP(B103,rtword_jaccard!$D$1:$E$1128,2,FALSE) -> 0.12359551 | DL103: =VLOOKUP(B103,rtword_jaccard!$D$1:$F$1128,3,FALSE) -> 0.2345679 | DM103: =VLOOKUP(B103,rtword_jaccard!$D$1:$G$1128,4,FALSE) -> 0.2145749 | DN103: =VLOOKUP(B103,owner_j_重み付き!$C$1:$E$1128,3) -> 0.0003 | DO103: =VLOOKUP(B103,part_j_重み付き!$D$1:$E$1128,2,FALSE) -> 0 | DP103: =VLOOKUP(B103,journalsection_jaccard!$D$2:$E$1129,2,FALSE) -> 0.5625 | DQ103: =VLOOKUP(B103,journalsection_jaccard!$D$2:$F$1129,3,FALSE) -> 0.30718954 | DR103: =VLOOKUP(B103,journalsection_jaccard!$D$2:$G$1129,4,FALSE) -> 0.28755365 | DS103: =VLOOKUP(B103,journalsection_jaccard!$D$2:$H$1129,5,FALSE) -> 0.13636364
A104: 97 | B104: Psychology vs Big Data | C104: 心理学とビッグデータのフロンティア | D104: 0.14409527 | E104: 0.162158 | F104: 0.11659883 | G104: 0.2953905 | H104: 0.04403859 | I104: 0.14053953 | J104: 0.2211597 | K104: 0.99078774 | L104: -0.024878364 | M104: 0.14472818 | N104: 0.25957513 | O104: 0.2372921 | P104: 0.056987777 | Q104: 0.23772256 | R104: 0.09249631 | S104: 0.14844878 | T104: 0.12564495 | U104: 0.08177505 | V104: 0.07817088 | W104: -0.06360434 | X104: 0.023874315 | Y104: 0.09178692 | Z104: 0.04311217 | AA104: 0.098564714 | AB104: 0.08950654 | AC104: 0.046730697 | AD104: 0.20300348 | AE104: 0.060192544 | AF104: 0.19576041 | AG104: 0.19143039 | AH104: 0.1406065 | AI104: 0.1798956 | AJ104: 0.24133578 | AK104: 0.09773397 | AL104: 0.1772046 | AM104: 0.19757982 | AN104: 0.12241343 | AO104: 0.087552615 | AP104: 0.1056515 | AQ104: 0.07872977 | AR104: 0.2051089 | AS104: 0.1028871 | AT104: 0.082157314 | AU104: 0.12288163 | AV104: 0.10107897 | AW104: 0.23352146 | AX104: 0.12887669 | AY104: 0.17164972 | AZ104: 0.94127524 | BA104: 0.12101802 | BB104: 0.14562513 | BC104: 0.004747962 | BD104: 0.1401454 | BE104: 0.088421635 | BF104: 0.20148866 | BG104: 0.0915557 | BH104: 0.09947804 | BI104: 0.26944375 | BJ104: 0.31239077 | BK104: 0.14331466 | BL104: 0.1356838 | BM104: 0.11173861 | BN104: 0.18971089 | BO104: 0.30030414 | BP104: 0.1164796 | BQ104: 0.018897556 | BR104: 0.2603661 | BS104: 0.26199904 | BT104: 0.047281794 | BU104: 0.054029066 | BV104: 0.017842263 | BW104: 0.2627083 | BX104: 0.30831212 | BY104: 0.14003034 | BZ104: 0.019425085 | CA104: -0.075910866 | CB104: 0.12776077 | CC104: 0.17921558 | CD104: 0.19884638 | CE104: 0.15742384 | CF104: 0.048499063 | CG104: 0.29796726 | CH104: 0.20659426 | CI104: 0.20707217 | CJ104: 0.24878174 | CK104: 0.0010523443 | CL104: 0.21357074 | CM104: 0.09559147 | CN104: 0.034338526 | CO104: -0.16290486 | CP104: 0.2752538 | CQ104: 0.1070226 | CR104: 0.13217832 | CS104: 0.12231553 | CT104: 0.14690338 | CU104: 0.06677548 | CV104: 0.33441454 | CW104: -0.038183626 | CX104: 0.044093546 | CY104: 0.17019333 | CZ104: 0.26842642 | DA104: 0.027675107 | DB104: 0.088972725 | DC104: 0.97665465 | DD104: 0.024059227 | DE104: 0.056084897 | DF104: =AVERAGE(D104:J104,L104:AY104,BA104:DB104,DD104:DE104) -> 0.13189989 | DG104: =IF(DF104>=0.25,1,0) -> 0 | DH104: 0.0023705731 | DI104: =VLOOKUP(B104,owner_jaccard!$D$1:$E$1128,2,FALSE) -> 0.1509434 | DJ104: =VLOOKUP(B104,partic_jaccard!$D$1:$E$1128,2,FALSE) -> 0.27272727 | DK104: =VLOOKUP(B104,rtword_jaccard!$D$1:$E$1128,2,FALSE) -> 0.13636364 | DL104: =VLOOKUP(B104,rtword_jaccard!$D$1:$F$1128,3,FALSE) -> 0.24223602 | DM104: =VLOOKUP(B104,rtword_jaccard!$D$1:$G$1128,4,FALSE) -> 0.27659574 | DN104: =VLOOKUP(B104,owner_j_重み付き!$C$1:$E$1128,3) -> 0.0003 | DO104: =VLOOKUP(B104,part_j_重み付き!$D$1:$E$1128,2,FALSE) -> 0.0011 | DP104: =VLOOKUP(B104,journalsection_jaccard!$D$2:$E$1129,2,FALSE) -> 0.47058824 | DQ104: =VLOOKUP(B104,journalsection_jaccard!$D$2:$F$1129,3,FALSE) -> 0.36054422 | DR104: =VLOOKUP(B104,journalsection_jaccard!$D$2:$G$1129,4,FALSE) -> 0.32743363 | DS104: =VLOOKUP(B104,journalsection_jaccard!$D$2:$H$1129,5,FALSE) -> 0.17647059
A105: 98 | B105: Psychology vs Bioengineering and Biotechnology | C105: 心理学とバイオエンジニアリングおよびバイオテクノロジーの最先端 | D105: 0.1740533 | E105: 0.306131 | F105: 0.23679024 | G105: 0.25067726 | H105: 0.31737697 | I105: 0.10197237 | J105: 0.2486962 | K105: 0.9793309 | L105: 0.001281103 | M105: 0.079971395 | N105: 0.2705139 | O105: 0.056525283 | P105: 0.06300379 | Q105: 0.22531983 | R105: 0.2198063 | S105: 0.20081805 | T105: 0.07058732 | U105: 0.06548902 | V105: 0.11009961 | W105: 0.15754403 | X105: 0.063289404 | Y105: 0.12448014 | Z105: 0.2107474 | AA105: 0.027444381 | AB105: 0.19311388 | AC105: 0.3078181 | AD105: -0.017519502 | AE105: 0.01934724 | AF105: 0.14430073 | AG105: 0.22716986 | AH105: 0.050853558 | AI105: 0.2592598 | AJ105: 0.20560114 | AK105: 0.32007772 | AL105: 0.040545262 | AM105: 0.21336523 | AN105: 0.09793745 | AO105: 0.25700948 | AP105: 0.1858584 | AQ105: 0.2510731 | AR105: 0.15056504 | AS105: 0.008176538 | AT105: 0.088646986 | AU105: 0.12878047 | AV105: 0.12044483 | AW105: 0.33587852 | AX105: 0.23593183 | AY105: 0.40816554 | AZ105: 0.97522026 | BA105: 0.073033825 | BB105: 0.052107267 | BC105: 0.006347261 | BD105: 0.21453582 | BE105: 0.021782374 | BF105: 0.1674412 | BG105: 0.13103454 | BH105: -0.042846035 | BI105: 0.3095059 | BJ105: 0.20122862 | BK105: 0.29102364 | BL105: 0.044066254 | BM105: 0.056246873 | BN105: 0.10011857 | BO105: 0.13374975 | BP105: 0.16038191 | BQ105: 0.13443659 | BR105: 0.14882943 | BS105: 0.30321065 | BT105: 0.29802895 | BU105: 0.21596664 | BV105: 0.013048828 | BW105: 0.2995187 | BX105: 0.31622714 | BY105: 0.062410396 | BZ105: 0.029279927 | CA105: 0.20467453 | CB105: 0.08576856 | CC105: 0.2540427 | CD105: 0.34686884 | CE105: 0.36794284 | CF105: 0.12866373 | CG105: 0.25604993 | CH105: 0.09298773 | CI105: -0.029942816 | CJ105: 0.29806435 | CK105: 0.17354839 | CL105: 0.305476 | CM105: 0.013598371 | CN105: -0.089322984 | CO105: -0.02754221 | CP105: 0.321858 | CQ105: 0.14086841 | CR105: 0.37293255 | CS105: 0.20401329 | CT105: 0.04905073 | CU105: 0.17388725 | CV105: 0.2742527 | CW105: 0.23229219 | CX105: 0.14511096 | CY105: 0.28333464 | CZ105: 0.35121897 | DA105: 0.14363533 | DB105: 0.10926098 | DC105: 0.9764767 | DD105: 0.15990688 | DE105: 0.27581248 | DF105: =AVERAGE(D105:J105,L105:AY105,BA105:DB105,DD105:DE105) -> 0.16673833 | DG105: =IF(DF105>=0.25,1,0) -> 0 | DH105: 0.00091282519 | DI105: =VLOOKUP(B105,owner_jaccard!$D$1:$E$1128,2,FALSE) -> 0.26470588 | DJ105: =VLOOKUP(B105,partic_jaccard!$D$1:$E$1128,2,FALSE) -> 0.43902439 | DK105: =VLOOKUP(B105,rtword_jaccard!$D$1:$E$1128,2,FALSE) -> 0.14942529 | DL105: =VLOOKUP(B105,rtword_jaccard!$D$1:$F$1128,3,FALSE) -> 0.19047619 | DM105: =VLOOKUP(B105,rtword_jaccard!$D$1:$G$1128,4,FALSE) -> 0.2195122 | DN105: =VLOOKUP(B105,owner_j_重み付き!$C$1:$E$1128,3) -> 0.0003 | DO105: =VLOOKUP(B105,part_j_重み付き!$D$1:$E$1128,2,FALSE) -> 0.0038 | DP105: =VLOOKUP(B105,journalsection_jaccard!$D$2:$E$1129,2,FALSE) -> 0.2345679 | DQ105: =VLOOKUP(B105,journalsection_jaccard!$D$2:$F$1129,3,FALSE) -> 0.28205128 | DR105: =VLOOKUP(B105,journalsection_jaccard!$D$2:$G$1129,4,FALSE) -> 0.26582278 | DS105: =VLOOKUP(B105,journalsection_jaccard!$D$2:$H$1129,5,FALSE) -> 0.1627907
A106: 99 | B106: Psychology vs Cardiovascular Medicine | C106: 心理学と心臓血管医学の最先端 | D106: 0.10814786 | E106: 0.2872715 | F106: 0.18293598 | G106: 0.26590738 | H106: 0.13088852 | I106: 0.13110213 | J106: 0.3519199 | K106: 0.9812704 | L106: 0.14754914 | M106: 0.22123314 | N106: 0.29475117 | O106: 0.044244505 | P106: 0.10237343 | Q106: 0.268921 | R106: 0.3123434 | S106: 0.14579773 | T106: 0.33228692 | U106: -0.0026009413 | V106: 0.10571381 | W106: 0.10101306 | X106: 0.06315171 | Y106: 0.11097288 | Z106: 0.19208534 | AA106: 0.11478289 | AB106: 0.25936717 | AC106: 0.22723474 | AD106: 0.21952613 | AE106: 0.12161884 | AF106: 0.36000475 | AG106: 0.046807475 | AH106: -0.051626742 | AI106: 0.2518152 | AJ106: 0.2307107 | AK106: 0.38207608 | AL106: -0.0003804341 | AM106: 0.12493704 | AN106: 0.08517031 | AO106: 0.14255616 | AP106: 0.27809134 | AQ106: 0.2617797 | AR106: 0.22286838 | AS106: 0.0933894 | AT106: 0.075824186 | AU106: 0.10827775 | AV106: 0.13976158 | AW106: 0.26458865 | AX106: 0.1324788 | AY106: 0.36598578 | AZ106: 0.96986485 | BA106: 0.15058425 | BB106: 0.0969636 | BC106: 0.10861014 | BD106: 0.19061823 | BE106: -0.13373812 | BF106: 0.28981864 | BG106: 0.19178337 | BH106: 0.09042973 | BI106: 0.25327688 | BJ106: 0.30093125 | BK106: 0.27733612 | BL106: 0.0998161 | BM106: 0.20183545 | BN106: 0.17238933 | BO106: 0.24929488 | BP106: 0.19330701 | BQ106: 0.12896176 | BR106: 0.092908666 | BS106: 0.27982864 | BT106: 0.40755463 | BU106: 0.28669056 | BV106: 0.14115563 | BW106: 0.31298238 | BX106: 0.23729242 | BY106: 0.055565517 | BZ106: 0.06339901 | CA106: 0.026513034 | CB106: 0.06410692 | CC106: 0.0856511 | CD106: 0.43190098 | CE106: 0.24949993 | CF106: 0.2279412 | CG106: 0.29464537 | CH106: 0.26403856 | CI106: 0.12724699 | CJ106: 0.22933161 | CK106: 0.21962833 | CL106: 0.31345144 | CM106: 0.09962226 | CN106: 0.13331436 | CO106: 0.07655319 | CP106: 0.2537819 | CQ106: 0.12253843 | CR106: 0.24773403 | CS106: 0.2654735 | CT106: -0.059042368 | CU106: 0.12011465 | CV106: 0.23652518 | CW106: 0.3599357 | CX106: -0.09897607 | CY106: 0.33081737 | CZ106: 0.28875703 | DA106: 0.14371884 | DB106: 0.14447099 | DC106: 0.97232676 | DD106: 0.16232066 | DE106: -0.051080804 | DF106: =AVERAGE(D106:J106,L106:AY106,BA106:DB106,DD106:DE106) -> 0.17869695 | DG106: =IF(DF106>=0.25,1,0) -> 0 | DH106: 0 | DI106: =VLOOKUP(B106,owner_jaccard!$D$1:$E$1128,2,FALSE) -> 0.15517241 | DJ106: =VLOOKUP(B106,partic_jaccard!$D$1:$E$1128,2,FALSE) -> 0.47058824 | DK106: =VLOOKUP(B106,rtword_jaccard!$D$1:$E$1128,2,FALSE) -> 0.14942529 | DL106: =VLOOKUP(B106,rtword_jaccard!$D$1:$F$1128,3,FALSE) -> 0.21212121 | DM106: =VLOOKUP(B106,rtword_jaccard!$D$1:$G$1128,4,FALSE) -> 0.20481928 | DN106: =VLOOKUP(B106,owner_j_重み付き!$C$1:$E$1128,3) -> 0.0003 | DO106: =VLOOKUP(B106,part_j_重み付き!$D$1:$E$1128,2,FALSE) -> 0.0028 | DP106: =VLOOKUP(B106,journalsection_jaccard!$D$2:$E$1129,2,FALSE) -> 0.61290323 | DQ106: =VLOOKUP(B106,journalsection_jaccard!$D$2:$F$1129,3,FALSE) -> 0.37931034 | DR106: =VLOOKUP(B106,journalsection_jaccard!$D$2:$G$1129,4,FALSE) -> 0.30434783 | DS106: =VLOOKUP(B106,journalsection_jaccard!$D$2:$H$1129,5,FALSE) -> 0.2195122
A107: 100 | B107: Psychology vs Cell and Developmental Biology | C107: 心理学と細胞・発生生物学の最前線 | D107: 0.1408046 | E107: 0.24783398 | F107: 0.12016981 | G107: 0.27236643 | H107: 0.19802184 | I107: 0.17449856 | J107: 0.30913073 | K107: 0.9853588 | L107: 0.086080246 | M107: 0.14838752 | N107: 0.30993444 | O107: 0.14127019 | P107: 0.093403846 | Q107: 0.14686681 | R107: 0.27821872 | S107: 0.18901862 | T107: 0.07025101 | U107: 0.070187226 | V107: 0.11549763 | W107: 0.16006784 | X107: -0.0022189051 | Y107: 0.2535114 | Z107: 0.2597383 | AA107: 0.17459081 | AB107: 0.005784986 | AC107: 0.13561295 | AD107: 0.15180868 | AE107: -0.11820538 | AF107: 0.15524611 | AG107: 0.09202542 | AH107: -0.024564961 | AI107: 0.38804618 | AJ107: 0.27656215 | AK107: 0.23570298 | AL107: 0.07043555 | AM107: 0.2006234 | AN107: 0.08579558 | AO107: 0.20368777 | AP107: 0.32807973 | AQ107: 0.17074263 | AR107: 0.20022172 | AS107: 0.017331548 | AT107: 0.19222595 | AU107: 0.16007584 | AV107: 0.11601015 | AW107: 0.26352525 | AX107: 0.20527172 | AY107: 0.4374206 | AZ107: 0.97915834 | BA107: 0.38315368 | BB107: -0.071829066 | BC107: -0.010732008 | BD107: 0.23833436 | BE107: 0.043739125 | BF107: -0.02157151 | BG107: 0.2838658 | BH107: 0.25801796 | BI107: 0.16397879 | BJ107: 0.24187009 | BK107: 0.17351572 | BL107: 0.051736593 | BM107: 0.10793415 | BN107: 0.13448527 | BO107: 0.25751752 | BP107: 0.014453464 | BQ107: 0.048123438 | BR107: 0.10616489 | BS107: 0.2267338 | BT107: 0.36742598 | BU107: 0.11257952 | BV107: 0.053457335 | BW107: 0.2841421 | BX107: 0.28242067 | BY107: 0.11947653 | BZ107: 0.33553067 | CA107: 0.16933605 | CB107: 0.10673105 | CC107: 0.06986232 | CD107: 0.32153112 | CE107: 0.29206303 | CF107: 0.08794326 | CG107: 0.15348347 | CH107: 0.21468525 | CI107: 0.041772842 | CJ107: 0.10478099 | CK107: 0.10095733 | CL107: 0.36534798 | CM107: 0.11346621 | CN107: 0.11157376 | CO107: 0.20841976 | CP107: 0.34240296 | CQ107: 0.17592171 | CR107: 0.3772004 | CS107: 0.1979254 | CT107: -0.06779255 | CU107: -0.05087285 | CV107: 0.27363828 | CW107: 0.30389777 | CX107: 0.19023572 | CY107: 0.22839996 | CZ107: 0.34947577 | DA107: 0.13456103 | DB107: 0.055011254 | DC107: 0.97724235 | DD107: 0.316234 | DE107: -0.053700503 | DF107: =AVERAGE(D107:J107,L107:AY107,BA107:DB107,DD107:DE107) -> 0.16821472 | DG107: =IF(DF107>=0.25,1,0) -> 0 | DH107: 0 | DI107: =VLOOKUP(B107,owner_jaccard!$D$1:$E$1128,2,FALSE) -> 0.21875 | DJ107: =VLOOKUP(B107,partic_jaccard!$D$1:$E$1128,2,FALSE) -> 0.32432432 | DK107: =VLOOKUP(B107,rtword_jaccard!$D$1:$E$1128,2,FALSE) -> 0.19047619 | DL107: =VLOOKUP(B107,rtword_jaccard!$D$1:$F$1128,3,FALSE) -> 0.20481928 | DM107: =VLOOKUP(B107,rtword_jaccard!$D$1:$G$1128,4,FALSE) -> 0.2295082 | DN107: =VLOOKUP(B107,owner_j_重み付き!$C$1:$E$1128,3) -> 0.0003 | DO107: =VLOOKUP(B107,part_j_重み付き!$D$1:$E$1128,2,FALSE) -> 0.0033 | DP107: =VLOOKUP(B107,journalsection_jaccard!$D$2:$E$1129,2,FALSE) -> 0.47058824 | DQ107: =VLOOKUP(B107,journalsection_jaccard!$D$2:$F$1129,3,FALSE) -> 0.31578947 | DR107: =VLOOKUP(B107,journalsection_jaccard!$D$2:$G$1129,4,FALSE) -> 0.27118644 | DS107: =VLOOKUP(B107,journalsection_jaccard!$D$2:$H$1129,5,FALSE) -> 0.1627907
A108: 101 | B108: Psychology vs Cellular Neuroscience | C108: 心理学と細胞神経科学の最前線 | D108: 0.15295096 | E108: 0.2656916 | F108: 0.11081144 | G108: 0.27878034 | H108: 0.13342494 | I108: 0.05513902 | J108: 0.2080351 | K108: 0.9836005 | L108: -0.01746483 | M108: 0.18458031 | N108: 0.32761472 | O108: 0.1499081 | P108: 0.019076934 | Q108: 0.28994444 | R108: 0.09153416 | S108: 0.10663395 | T108: 0.23313421 | U108: -0.022825724 | V108: 0.022214955 | W108: 0.17720902 | X108: 0.17773803 | Y108: 0.15905416 | Z108: 0.04873463 | AA108: 0.19713368 | AB108: 0.08505994 | AC108: 0.0960731 | AD108: 0.16039474 | AE108: 0.0063917385 | AF108: 0.24478412 | AG108: 0.079740256 | AH108: -0.0012279442 | AI108: 0.25622177 | AJ108: 0.13251252 | AK108: 0.17005935 | AL108: 0.3551789 | AM108: 0.15864015 | AN108: 0.05315596 | AO108: 0.0540956 | AP108: 0.24500255 | AQ108: 0.3296265 | AR108: 0.19238651 | AS108: 0.11587334 | AT108: -0.016764317 | AU108: -0.05123937 | AV108: 0.10959028 | AW108: 0.2851034 | AX108: 0.01585767 | AY108: 0.30465588 | AZ108: 0.96669465 | BA108: 0.27408436 | BB108: 0.095774606 | BC108: -0.042273387 | BD108: 0.2062884 | BE108: 0.11136822 | BF108: 0.19774975 | BG108: 0.20922542 | BH108: 0.21608342 | BI108: 0.10656411 | BJ108: 0.17309836 | BK108: 0.20689376 | BL108: 0.0019880766 | BM108: 0.15114371 | BN108: 0.07093183 | BO108: 0.19097362 | BP108: 0.0917364 | BQ108: 0.13177408 | BR108: 0.17847641 | BS108: 0.2324012 | BT108: 0.20321204 | BU108: 0.21823704 | BV108: 0.19162896 | BW108: 0.2824136 | BX108: 0.34116337 | BY108: 0.2371256 | BZ108: -0.026781715 | CA108: 0.16526473 | CB108: 0.39185333 | CC108: 0.17118979 | CD108: 0.28112897 | CE108: 0.26773998 | CF108: 0.21485046 | CG108: 0.023187535 | CH108: 0.34252292 | CI108: 0.08856542 | CJ108: 0.32687128 | CK108: 0.23795551 | CL108: 0.25751683 | CM108: 0.13877891 | CN108: -0.12416374 | CO108: -0.05349735 | CP108: 0.16942996 | CQ108: 0.23163673 | CR108: 0.33025894 | CS108: 0.15444432 | CT108: 0.11352689 | CU108: 0.09334271 | CV108: 0.20875105 | CW108: 0.14060806 | CX108: 0.23553102 | CY108: 0.30840623 | CZ108: 0.3113854 | DA108: 0.17217495 | DB108: 0.19135219 | DC108: 0.9722842 | DD108: 0.18858778 | DE108: -0.0049133813 | DF108: =AVERAGE(D108:J108,L108:AY108,BA108:DB108,DD108:DE108) -> 0.16073588 | DG108: =IF(DF108>=0.25,1,0) -> 0 | DH108: 0 | DI108: =VLOOKUP(B108,owner_jaccard!$D$1:$E$1128,2,FALSE) -> 0.265625 | DJ108: =VLOOKUP(B108,partic_jaccard!$D$1:$E$1128,2,FALSE) -> 0.24242424 | DK108: =VLOOKUP(B108,rtword_jaccard!$D$1:$E$1128,2,FALSE) -> 0.12359551 | DL108: =VLOOKUP(B108,rtword_jaccard!$D$1:$F$1128,3,FALSE) -> 0.2195122 | DM108: =VLOOKUP(B108,rtword_jaccard!$D$1:$G$1128,4,FALSE) -> 0.23966942 | DN108: =VLOOKUP(B108,owner_j_重み付き!$C$1:$E$1128,3) -> 0.0003 | DO108: =VLOOKUP(B108,part_j_重み付き!$D$1:$E$1128,2,FALSE) -> 0.0054 | DP108: =VLOOKUP(B108,journalsection_jaccard!$D$2:$E$1129,2,FALSE) -> 0.2987013 | DQ108: =VLOOKUP(B108,journalsection_jaccard!$D$2:$F$1129,3,FALSE) -> 0.36986301 | DR108: =VLOOKUP(B108,journalsection_jaccard!$D$2:$G$1129,4,FALSE) -> 0.27118644 | DS108: =VLOOKUP(B108,journalsection_jaccard!$D$2:$H$1129,5,FALSE) -> 0.14942529
A109: 102 | B109: Psychology vs Cellular and Infection Microbiology | C109: 心理学と細胞および感染微生物学の最先端 | D109: 0.07594331 | E109: 0.21814503 | F109: 0.19461802 | G109: 0.35503554 | H109: 0.10489403 | I109: -0.0042920103 | J109: 0.14372145 | K109: 0.9833529 | L109: 0.16270474 | M109: 0.26796734 | N109: 0.39074904 | O109: 0.13937145 | P109: 0.09807842 | Q109: 0.17088911 | R109: 0.10411843 | S109: 0.09565113 | T109: 0.08333496 | U109: -0.015232246 | V109: 0.10102192 | W109: 0.17264803 | X109: -0.007375972 | Y109: 0.06339351 | Z109: 0.11412737 | AA109: -0.04442424 | AB109: -0.12564553 | AC109: 0.05976017 | AD109: 0.06357023 | AE109: 0.13370012 | AF109: 0.27436513 | AG109: 0.22782809 | AH109: -0.00096496806 | AI109: 0.33229795 | AJ109: 0.1418218 | AK109: 0.39253753 | AL109: 0.08863545 | AM109: 0.048341308 | AN109: 0.058294505 | AO109: 0.16779114 | AP109: 0.30266768 | AQ109: 0.27981558 | AR109: 0.11344305 | AS109: 0.17396985 | AT109: 0.24566363 | AU109: 0.10938458 | AV109: -0.07114586 | AW109: 0.2582339 | AX109: -0.038197 | AY109: 0.4060891 | AZ109: 0.96870065 | BA109: 0.069165714 | BB109: -0.05073031 | BC109: 0.15922275 | BD109: 0.08338572 | BE109: 0.12920131 | BF109: 0.17695569 | BG109: 0.18581288 | BH109: 0.1733743 | BI109: 0.14634702 | BJ109: 0.17218228 | BK109: 0.08152696 | BL109: 0.16311134 | BM109: 0.2499437 | BN109: 0.10036784 | BO109: 0.22153485 | BP109: 0.071621776 | BQ109: 0.067685746 | BR109: 0.036610845 | BS109: 0.22635986 | BT109: 0.36777353 | BU109: 0.08167422 | BV109: 0.13505352 | BW109: 0.40134 | BX109: 0.36240765 | BY109: 0.057942066 | BZ109: 0.20793718 | CA109: -0.08115243 | CB109: 0.2936272 | CC109: 0.10742907 | CD109: 0.42492715 | CE109: 0.15306686 | CF109: 0.06585827 | CG109: 0.20460387 | CH109: 0.34750378 | CI109: 0.15866719 | CJ109: 0.250097 | CK109: 0.19284528 | CL109: 0.10577222 | CM109: 0.09687269 | CN109: 0.05754736 | CO109: 0.06815371 | CP109: -0.017259989 | CQ109: 0.22646329 | CR109: 0.22477801 | CS109: 0.11393021 | CT109: 0.036827598 | CU109: 0.13081123 | CV109: 0.15022348 | CW109: 0.09772171 | CX109: 0.16371574 | CY109: 0.13528888 | CZ109: 0.3447923 | DA109: 0.079167634 | DB109: 0.22653274 | DC109: 0.9777263 | DD109: 0.19347866 | DE109: 0.05236392 | DF109: =AVERAGE(D109:J109,L109:AY109,BA109:DB109,DD109:DE109) -> 0.14863892 | DG109: =IF(DF109>=0.25,1,0) -> 0 | DH109: 0 | DI109: =VLOOKUP(B109,owner_jaccard!$D$1:$E$1128,2,FALSE) -> 0.19047619 | DJ109: =VLOOKUP(B109,partic_jaccard!$D$1:$E$1128,2,FALSE) -> 0.34285714 | DK109: =VLOOKUP(B109,rtword_jaccard!$D$1:$E$1128,2,FALSE) -> 0.17647059 | DL109: =VLOOKUP(B109,rtword_jaccard!$D$1:$F$1128,3,FALSE) -> 0.19760479 | DM109: =VLOOKUP(B109,rtword_jaccard!$D$1:$G$1128,4,FALSE) -> 0.19521912 | DN109: =VLOOKUP(B109,owner_j_重み付き!$C$1:$E$1128,3) -> 0.0003 | DO109: =VLOOKUP(B109,part_j_重み付き!$D$1:$E$1128,2,FALSE) -> 0.0028 | DP109: =VLOOKUP(B109,journalsection_jaccard!$D$2:$E$1129,2,FALSE) -> 0.49253731 | DQ109: =VLOOKUP(B109,journalsection_jaccard!$D$2:$F$1129,3,FALSE) -> 0.36986301 | DR109: =VLOOKUP(B109,journalsection_jaccard!$D$2:$G$1129,4,FALSE) -> 0.29310345 | DS109: =VLOOKUP(B109,journalsection_jaccard!$D$2:$H$1129,5,FALSE) -> 0.19047619
A110: 103 | B110: Psychology vs Chemistry | C110: 心理学と化学の最先端 | D110: 0.14735185 | E110: 0.2274271 | F110: 0.15132532 | G110: -7.6428536e-05 | H110: 0.13471767 | I110: 0.1646591 | J110: 0.05310734 | K110: 0.98502755 | L110: 0.1387813 | M110: 0.10205495 | N110: 0.41614687 | O110: 0.24896692 | P110: 0.11298131 | Q110: 0.11583131 | R110: 0.06686124 | S110: 0.11096318 | T110: 0.31451946 | U110: 0.20509343 | V110: 0.15977147 | W110: 0.16834067 | X110: 0.047062133 | Y110: -0.012334151 | Z110: 0.09584403 | AA110: -0.1188432 | AB110: 0.17131382 | AC110: 0.12625197 | AD110: 0.3299593 | AE110: 0.035468504 | AF110: 0.29727203 | AG110: 0.10047419 | AH110: -0.17253691 | AI110: 0.39372212 | AJ110: 0.13883588 | AK110: 0.25196868 | AL110: 0.06622682 | AM110: 0.044885874 | AN110: -0.07614065 | AO110: 0.08019282 | AP110: 0.2665408 | AQ110: 0.39952135 | AR110: 0.18507057 | AS110: 0.006093053 | AT110: 0.15763792 | AU110: 0.20799904 | AV110: -0.030095799 | AW110: 0.3061323 | AX110: -0.021929532 | AY110: 0.2515152 | AZ110: 0.97402704 | BA110: 0.13767669 | BB110: -0.020371057 | BC110: 0.13951054 | BD110: 0.2974884 | BE110: 0.019451555 | BF110: 0.205636 | BG110: 0.06547415 | BH110: -0.00041272744 | BI110: 0.18131183 | BJ110: 0.19712639 | BK110: 0.2085105 | BL110: 0.01029366 | BM110: 0.056093153 | BN110: 0.07459467 | BO110: 0.22172616 | BP110: 0.23429234 | BQ110: 0.19895522 | BR110: 0.03875481 | BS110: 0.18570566 | BT110: 0.24704534 | BU110: 0.3409003 | BV110: 0.06472567 | BW110: 0.09884045 | BX110: 0.28378746 | BY110: 0.15741323 | BZ110: 0.15227714 | CA110: 0.2832815 | CB110: 0.20565672 | CC110: 0.06789912 | CD110: 0.317838 | CE110: 0.28925282 | CF110: 0.1918569 | CG110: 0.18085504 | CH110: 0.07862901 | CI110: 0.04283961 | CJ110: 0.3401345 | CK110: 0.0026052129 | CL110: 0.099842004 | CM110: 0.0031700197 | CN110: 0.015245611 | CO110: 0.13903017 | CP110: 0.046521608 | CQ110: 0.06117797 | CR110: 0.29092744 | CS110: 0.19581798 | CT110: -0.040470354 | CU110: 0.049093403 | CV110: 0.16934456 | CW110: 0.14190243 | CX110: 0.012734874 | CY110: 0.12146643 | CZ110: 0.3171518 | DA110: 0.04739922 | DB110: 0.13710625 | DC110: 0.97692394 | DD110: 0.10165352 | DE110: 0.11713728 | DF110: =AVERAGE(D110:J110,L110:AY110,BA110:DB110,DD110:DE110) -> 0.1397169 | DG110: =IF(DF110>=0.25,1,0) -> 0 | DH110: 0 | DI110: =VLOOKUP(B110,owner_jaccard!$D$1:$E$1128,2,FALSE) -> 0.19117647 | DJ110: =VLOOKUP(B110,partic_jaccard!$D$1:$E$1128,2,FALSE) -> 0.21621622 | DK110: =VLOOKUP(B110,rtword_jaccard!$D$1:$E$1128,2,FALSE) -> 0.12359551 | DL110: =VLOOKUP(B110,rtword_jaccard!$D$1:$F$1128,3,FALSE) -> 0.19760479 | DM110: =VLOOKUP(B110,rtword_jaccard!$D$1:$G$1128,4,FALSE) -> 0.20481928 | DN110: =VLOOKUP(B110,owner_j_重み付き!$C$1:$E$1128,3) -> 0.0003 | DO110: =VLOOKUP(B110,part_j_重み付き!$D$1:$E$1128,2,FALSE) -> 0.0011 | DP110: =VLOOKUP(B110,journalsection_jaccard!$D$2:$E$1129,2,FALSE) -> 0.63934426 | DQ110: =VLOOKUP(B110,journalsection_jaccard!$D$2:$F$1129,3,FALSE) -> 0.37931034 | DR110: =VLOOKUP(B110,journalsection_jaccard!$D$2:$G$1129,4,FALSE) -> 0.2987013 | DS110: =VLOOKUP(B110,journalsection_jaccard!$D$2:$H$1129,5,FALSE) -> 0.2195122
A111: 104 | B111: Psychology vs Communication | C111: 心理学とコミュニケーションのフロンティア | D111: 0.31416178 | E111: 0.21246004 | F111: 0.16957471 | G111: 0.23944096 | H111: 0.028139405 | I111: 0.005510629 | J111: 0.08582647 | K111: 0.9888245 | L111: 0.09272609 | M111: 0.11629024 | N111: 0.3301808 | O111: 0.2861491 | P111: 0.07673957 | Q111: 0.29314512 | R111: 0.20005153 | S111: -0.023289056 | T111: 0.22459877 | U111: 0.20472935 | V111: 0.089178525 | W111: 0.17572486 | X111: 0.009456272 | Y111: 0.08526337 | Z111: -0.012512237 | AA111: 0.061710674 | AB111: 0.14044152 | AC111: -0.0068735345 | AD111: 0.1287671 | AE111: 0.14008796 | AF111: 0.33358058 | AG111: 0.19073755 | AH111: 0.08120899 | AI111: 0.2870107 | AJ111: 0.22356798 | AK111: 0.3052804 | AL111: 0.26538303 | AM111: 0.21401745 | AN111: 0.25081822 | AO111: 0.2736492 | AP111: 0.25750375 | AQ111: 0.24670166 | AR111: 0.2020583 | AS111: 0.2633169 | AT111: -0.04497007 | AU111: 0.30126166 | AV111: 0.25247073 | AW111: 0.24406141 | AX111: 0.16344376 | AY111: 0.22253332 | AZ111: 0.9448002 | BA111: 0.08467054 | BB111: 0.30054832 | BC111: 0.07407122 | BD111: 0.2780568 | BE111: 0.04288667 | BF111: 0.29185554 | BG111: 0.10864466 | BH111: 0.401948 | BI111: 0.37831748 | BJ111: 0.23298433 | BK111: 0.32389218 | BL111: 0.12122697 | BM111: 0.37104058 | BN111: 0.13032834 | BO111: 0.26408184 | BP111: 0.24179703 | BQ111: 0.0903846 | BR111: 0.28226313 | BS111: 0.38381302 | BT111: 0.27636167 | BU111: 0.25141475 | BV111: 0.17141409 | BW111: 0.1138641 | BX111: 0.2619383 | BY111: 0.13755924 | BZ111: 0.019344559 | CA111: 0.10984211 | CB111: 0.25397393 | CC111: 0.33265704 | CD111: 0.29728496 | CE111: 0.3522808 | CF111: 0.15524462 | CG111: 0.29832625 | CH111: 0.23247764 | CI111: 0.13944465 | CJ111: 0.2876387 | CK111: 0.05252805 | CL111: 0.3542319 | CM111: 0.16365327 | CN111: 0.28333977 | CO111: 0.12243828 | CP111: 0.29592118 | CQ111: 0.2782487 | CR111: 0.34341156 | CS111: 0.27914536 | CT111: 0.12966171 | CU111: 0.21688928 | CV111: 0.36075824 | CW111: 0.21750693 | CX111: 0.25683844 | CY111: 0.16648698 | CZ111: 0.2839661 | DA111: 0.19228154 | DB111: 0.2900664 | DC111: 0.9675643 | DD111: 0.22573009 | DE111: 0.09059795 | DF111: =AVERAGE(D111:J111,L111:AY111,BA111:DB111,DD111:DE111) -> 0.2029019 | DG111: =IF(DF111>=0.25,1,0) -> 0 | DH111: 0.22971381 | DI111: =VLOOKUP(B111,owner_jaccard!$D$1:$E$1128,2,FALSE) -> 0.23076923 | DJ111: =VLOOKUP(B111,partic_jaccard!$D$1:$E$1128,2,FALSE) -> 0.375 | DK111: =VLOOKUP(B111,rtword_jaccard!$D$1:$E$1128,2,FALSE) -> 0.28205128 | DL111: =VLOOKUP(B111,rtword_jaccard!$D$1:$F$1128,3,FALSE) -> 0.33333333 | DM111: =VLOOKUP(B111,rtword_jaccard!$D$1:$G$1128,4,FALSE) -> 0.4354067 | DN111: =VLOOKUP(B111,owner_j_重み付き!$C$1:$E$1128,3) -> 0.0003 | DO111: =VLOOKUP(B111,part_j_重み付き!$D$1:$E$1128,2,FALSE) -> 0.0019 | DP111: =VLOOKUP(B111,journalsection_jaccard!$D$2:$E$1129,2,FALSE) -> 0.66666667 | DQ111: =VLOOKUP(B111,journalsection_jaccard!$D$2:$F$1129,3,FALSE) -> 0.48148148 | DR111: =VLOOKUP(B111,journalsection_jaccard!$D$2:$G$1129,4,FALSE) -> 0.42180095 | DS111: =VLOOKUP(B111,journalsection_jaccard!$D$2:$H$1129,5,FALSE) -> 0.28205128
A112: 105 | B112: Psychology vs Digital Health | C112: 心理学とデジタルヘルスの最先端 | D112: 0.1130128 | E112: 0.027077047 | F112: 0.19022185 | G112: 0.11260027 | H112: 0.0304109 | I112: 0.2036809 | J112: -0.041992746 | K112: 0.98721135 | L112: -0.08083236 | M112: 0.25973973 | N112: 0.2770853 | O112: 0.15460587 | P112: -0.06454263 | Q112: 0.34011313 | R112: 0.16710047 | S112: -0.086450204 | T112: 0.065787 | U112: 0.15023093 | V112: 0.23088221 | W112: 0.29026273 | X112: 0.10539793 | Y112: 0.10435356 | Z112: 0.07007059 | AA112: 0.10412483 | AB112: 0.048437636 | AC112: 0.15882656 | AD112: 0.16099854 | AE112: 0.018460073 | AF112: 0.20666276 | AG112: 0.16847822 | AH112: 0.09112808 | AI112: 0.30521637 | AJ112: 0.29167396 | AK112: 0.19973569 | AL112: 0.16640861 | AM112: 0.1616476 | AN112: 0.060263786 | AO112: 0.21438085 | AP112: 0.19801594 | AQ112: 0.13119361 | AR112: 0.22210196 | AS112: 0.16060053 | AT112: 0.028840382 | AU112: 0.099371366 | AV112: -0.049950458 | AW112: 0.15696338 | AX112: 0.1768849 | AY112: 0.22845852 | AZ112: 0.9641001 | BA112: 0.15974076 | BB112: 0.23886555 | BC112: -0.08533043 | BD112: 0.17969039 | BE112: 0.020872245 | BF112: 0.14283925 | BG112: 0.10076594 | BH112: 0.056010973 | BI112: 0.3652249 | BJ112: 0.16427909 | BK112: 0.22690453 | BL112: 0.04813339 | BM112: 0.05245471 | BN112: 0.06079047 | BO112: 0.053668886 | BP112: 0.17476702 | BQ112: -0.060080085 | BR112: 0.11451726 | BS112: 0.24860811 | BT112: 0.25135702 | BU112: 0.12825404 | BV112: 0.15232359 | BW112: 0.16690175 | BX112: 0.28716338 | BY112: 0.0037352233 | BZ112: 0.21323392 | CA112: 0.25061774 | CB112: 0.36475375 | CC112: 0.21301804 | CD112: 0.30687293 | CE112: 0.30112195 | CF112: 0.059481442 | CG112: 0.32402033 | CH112: 0.26648965 | CI112: 0.12162918 | CJ112: 0.2766284 | CK112: 0.2853579 | CL112: 0.21553105 | CM112: 0.29219273 | CN112: 0.17905557 | CO112: 0.18454616 | CP112: 0.13626973 | CQ112: 0.12285873 | CR112: 0.3115918 | CS112: 0.022139639 | CT112: 0.11000276 | CU112: 0.14195168 | CV112: 0.36250338 | CW112: 0.10943452 | CX112: 0.1842235 | CY112: 0.34987456 | CZ112: 0.20268649 | DA112: 0.12863782 | DB112: 0.065903604 | DC112: 0.981654 | DD112: 0.2814667 | DE112: 0.08326147 | DF112: =AVERAGE(D112:J112,L112:AY112,BA112:DB112,DD112:DE112) -> 0.1558015 | DG112: =IF(DF112>=0.25,1,0) -> 0 | DH112: 0.010208826 | DI112: =VLOOKUP(B112,owner_jaccard!$D$1:$E$1128,2,FALSE) -> 0.26315789 | DJ112: =VLOOKUP(B112,partic_jaccard!$D$1:$E$1128,2,FALSE) -> 0.375 | DK112: =VLOOKUP(B112,rtword_jaccard!$D$1:$E$1128,2,FALSE) -> 0.20481928 | DL112: =VLOOKUP(B112,rtword_jaccard!$D$1:$F$1128,3,FALSE) -> 0.26582278 | DM112: =VLOOKUP(B112,rtword_jaccard!$D$1:$G$1128,4,FALSE) -> 0.31578947 | DN112: =VLOOKUP(B112,owner_j_重み付き!$C$1:$E$1128,3) -> 0.0003 | DO112: =VLOOKUP(B112,part_j_重み付き!$D$1:$E$1128,2,FALSE) -> 0.0018 | DP112: =VLOOKUP(B112,journalsection_jaccard!$D$2:$E$1129,2,FALSE) -> 0.53846154 | DQ112: =VLOOKUP(B112,journalsection_jaccard!$D$2:$F$1129,3,FALSE) -> 0.41843972 | DR112: =VLOOKUP(B112,journalsection_jaccard!$D$2:$G$1129,4,FALSE) -> 0.32743363 | DS112: =VLOOKUP(B112,journalsection_jaccard!$D$2:$H$1129,5,FALSE) -> 0.28205128
A113: 106 | B113: Psychology vs Earth Science | C113: 心理学と地球科学の最先端 | D113: 0.33301935 | E113: 0.19434111 | F113: 0.16068754 | G113: 0.10703392 | H113: 0.14757787 | I113: 0.17036001 | J113: 0.33263242 | K113: 0.98290455 | L113: 0.10674875 | M113: -0.009469399 | N113: 0.40429515 | O113: 0.10579905 | P113: 0.10936075 | Q113: 0.19832249 | R113: 0.20706616 | S113: 0.15850507 | T113: 0.25250676 | U113: 0.17751735 | V113: 0.18627448 | W113: 0.09375223 | X113: 0.12960261 | Y113: 0.20007017 | Z113: 0.16022705 | AA113: 0.15274057 | AB113: 0.22619137 | AC113: -0.023443146 | AD113: 0.22049773 | AE113: 0.19797252 | AF113: 0.153725 | AG113: 0.2654756 | AH113: 0.05153735 | AI113: 0.35752672 | AJ113: 0.1477858 | AK113: 0.22531793 | AL113: 0.18326038 | AM113: 0.01619179 | AN113: 0.23639771 | AO113: 0.10228569 | AP113: 0.13009852 | AQ113: 0.35761532 | AR113: 0.10251104 | AS113: -0.028046174 | AT113: 0.15532517 | AU113: 0.12454763 | AV113: 0.13083126 | AW113: 0.25196198 | AX113: 0.23274212 | AY113: 0.29098 | AZ113: 0.9631872 | BA113: 0.026869474 | BB113: 0.19495815 | BC113: 0.047158647 | BD113: 0.19471566 | BE113: -0.06817864 | BF113: 0.19593015 | BG113: 0.048521034 | BH113: 0.07370338 | BI113: 0.12377793 | BJ113: 0.19266312 | BK113: 0.18059787 | BL113: 0.07127829 | BM113: 0.18697402 | BN113: 0.2831169 | BO113: 0.077976465 | BP113: -0.014717709 | BQ113: 0.058812805 | BR113: 0.053959377 | BS113: 0.26303196 | BT113: 0.44998482 | BU113: 0.2682748 | BV113: 0.011278719 | BW113: 0.10725586 | BX113: 0.40806347 | BY113: 0.10053038 | BZ113: 0.21595415 | CA113: 0.05417302 | CB113: 0.12829317 | CC113: 0.024848504 | CD113: 0.36983004 | CE113: 0.28184885 | CF113: 0.23643763 | CG113: -0.014479112 | CH113: 0.32689625 | CI113: 0.10553757 | CJ113: 0.23308912 | CK113: 0.21598524 | CL113: 0.10076366 | CM113: 0.1498419 | CN113: 0.04048923 | CO113: 0.24697146 | CP113: 0.14100908 | CQ113: -0.03501799 | CR113: 0.37244603 | CS113: 0.2971041 | CT113: 0.0775104 | CU113: 0.18274823 | CV113: 0.32865426 | CW113: 0.18278831 | CX113: -0.035756774 | CY113: 0.08545407 | CZ113: 0.5123068 | DA113: 0.15236689 | DB113: 0.06733668 | DC113: 0.97785616 | DD113: 0.19083394 | DE113: 0.033550102 | DF113: =AVERAGE(D113:J113,L113:AY113,BA113:DB113,DD113:DE113) -> 0.16499624 | DG113: =IF(DF113>=0.25,1,0) -> 0 | DH113: 0 | DI113: =VLOOKUP(B113,owner_jaccard!$D$1:$E$1128,2,FALSE) -> 0.11111111 | DJ113: =VLOOKUP(B113,partic_jaccard!$D$1:$E$1128,2,FALSE) -> 0.11428571 | DK113: =VLOOKUP(B113,rtword_jaccard!$D$1:$E$1128,2,FALSE) -> 0.17647059 | DL113: =VLOOKUP(B113,rtword_jaccard!$D$1:$F$1128,3,FALSE) -> 0.21212121 | DM113: =VLOOKUP(B113,rtword_jaccard!$D$1:$G$1128,4,FALSE) -> 0.2195122 | DN113: =VLOOKUP(B113,owner_j_重み付き!$C$1:$E$1128,3) -> 0.0003 | DO113: =VLOOKUP(B113,part_j_重み付き!$D$1:$E$1128,2,FALSE) -> 0.0006 | DP113: =VLOOKUP(B113,journalsection_jaccard!$D$2:$E$1129,2,FALSE) -> 0.53846154 | DQ113: =VLOOKUP(B113,journalsection_jaccard!$D$2:$F$1129,3,FALSE) -> 0.35135135 | DR113: =VLOOKUP(B113,journalsection_jaccard!$D$2:$G$1129,4,FALSE) -> 0.27118644 | DS113: =VLOOKUP(B113,journalsection_jaccard!$D$2:$H$1129,5,FALSE) -> 0.17647059
... A139: 132 | B139: Psychology vs Psychiatry | C139: 心理学と精神医学のフロンティア | D139: 0.21509494 | E139: 0.478464 | F139: 0.28144112 | G139: 0.42578474 | H139: 0.18747623 | I139: 0.26999706 | J139: 0.3285458 | K139: 0.9845317 | L139: 0.09418438 | M139: 0.32163775 | N139: 0.4374197 | O139: 0.20965129 | P139: 0.12363219 | Q139: 0.45533797 | R139: 0.15578084 | S139: 0.15180178 | T139: 0.21861044 | U139: 0.1617371 | V139: 0.2530526 | W139: 0.2919658 | X139: 0.16513279 | Y139: 0.26434255 | Z139: 0.38531995 | AA139: 0.2466685 | AB139: 0.20827311 | AC139: 0.2659635 | AD139: 0.37142158 | AE139: 0.19900182 | AF139: 0.34767923 | AG139: 0.13170978 | AH139: 0.3025394 | AI139: 0.4406242 | AJ139: 0.3070797 | AK139: 0.34302366 | AL139: 0.4944124 | AM139: 0.19214578 | AN139: 0.16834377 | AO139: 0.33297563 | AP139: 0.33430445 | AQ139: 0.49793002 | AR139: 0.157948 | AS139: 0.11627497 | AT139: 0.052216638 | AU139: 0.1289953 | AV139: 0.27943823 | AW139: 0.32508105 | AX139: 0.23805542 | AY139: 0.36687374 | AZ139: 0.98363674 | BA139: 0.18293081 | BB139: 0.07210181 | BC139: 0.21213281 | BD139: 0.24332538 | BE139: 0.05792627 | BF139: 0.29384452 | BG139: 0.37786633 | BH139: 0.2747802 | BI139: 0.36806062 | BJ139: 0.2877311 | BK139: 0.3538914 | BL139: 0.23782223 | BM139: 0.261703 | BN139: 0.13191496 | BO139: 0.29571015 | BP139: 0.29548603 | BQ139: 0.20276181 | BR139: 0.31853083 | BS139: 0.33056146 | BT139: 0.27642077 | BU139: 0.3674435 | BV139: 0.23532079 | BW139: 0.5220093 | BX139: 0.3828236 | BY139: 0.20281194 | BZ139: 0.18360102 | CA139: 0.20369738 | CB139: 0.31614357 | CC139: 0.21641734 | CD139: 0.48005995 | CE139: 0.37988394 | CF139: 0.189767 | CG139: 0.3168062 | CH139: 0.3186175 | CI139: 0.3941557 | CJ139: 0.25270042 | CK139: 0.14211549 | CL139: 0.33238754 | CM139: 0.29488888 | CN139: 0.15142025 | CO139: 0.2794917 | CP139: 0.27518463 | CQ139: 0.2201861 | CR139: 0.46191898 | CS139: 0.2746638 | CT139: 0.12199628 | CU139: 0.16173203 | CV139: 0.23427081 | CW139: 0.32965043 | CX139: 0.20848995 | CY139: 0.3288496 | CZ139: 0.49675372 | DA139: 0.35125795 | DB139: 0.4103043 | DC139: 0.9841253 | DD139: 0.18821508 | DE139: 0.2692247 | DF139: =AVERAGE(D139:J139,L139:AY139,BA139:DB139,DD139:DE139) -> 0.27471995 | DG139: =IF(DF139>=0.25,1,0) -> 1 | DH139: 0.030238359 | DI139: =VLOOKUP(B139,owner_jaccard!$D$1:$E$1128,2,FALSE) -> 0.3442623 | DJ139: =VLOOKUP(B139,partic_jaccard!$D$1:$E$1128,2,FALSE) -> 0.5 | DK139: =VLOOKUP(B139,rtword_jaccard!$D$1:$E$1128,2,FALSE) -> 0.35135135 | DL139: =VLOOKUP(B139,rtword_jaccard!$D$1:$F$1128,3,FALSE) -> 0.3986014 | DM139: =VLOOKUP(B139,rtword_jaccard!$D$1:$G$1128,4,FALSE) -> 0.38248848 | DN139: =VLOOKUP(B139,owner_j_重み付き!$C$1:$E$1128,3) -> 0.0003 | DO139: =VLOOKUP(B139,part_j_重み付き!$D$1:$E$1128,2,FALSE) -> 0.0354 | DP139: =VLOOKUP(B139,journalsection_jaccard!$D$2:$E$1129,2,FALSE) -> 0.72413793 | DQ139: =VLOOKUP(B139,journalsection_jaccard!$D$2:$F$1129,3,FALSE) -> 0.51515152 | DR139: =VLOOKUP(B139,journalsection_jaccard!$D$2:$G$1129,4,FALSE) -> 0.44230769 | DS139: =VLOOKUP(B139,journalsection_jaccard!$D$2:$H$1129,5,FALSE) -> 0.35135135
A140: 133 | B140: Psychology vs Public Health | C140: 心理学と公衆衛生の最前線 | D140: 0.28202257 | E140: 0.26041964 | F140: 0.37398827 | G140: 0.33968174 | H140: 0.15089144 | I140: 0.14472291 | J140: 0.2495095 | K140: 0.9862812 | L140: 0.1979533 | M140: 0.37496048 | N140: 0.4461268 | O140: 0.15180433 | P140: 0.21647958 | Q140: 0.34731165 | R140: 0.16743484 | S140: 0.054944076 | T140: 0.25897118 | U140: 0.08877319 | V140: 0.1815886 | W140: 0.14221825 | X140: 0.14916791 | Y140: 0.16280727 | Z140: 0.028926454 | AA140: 0.15480375 | AB140: 0.25152722 | AC140: 0.17212063 | AD140: 0.069083884 | AE140: 0.23763758 | AF140: 0.39516518 | AG140: 0.2472164 | AH140: 0.10224207 | AI140: 0.36375004 | AJ140: 0.33930266 | AK140: 0.1440211 | AL140: 0.3890263 | AM140: 0.22374077 | AN140: -0.013746015 | AO140: 0.30698672 | AP140: 0.40784997 | AQ140: 0.21942374 | AR140: 0.35585275 | AS140: 0.38601878 | AT140: 0.019709706 | AU140: 0.37933555 | AV140: 0.310968 | AW140: 0.44527298 | AX140: 0.16843683 | AY140: 0.37814975 | AZ140: 0.97879314 | BA140: 0.10510028 | BB140: 0.05049585 | BC140: 0.22488403 | BD140: 0.39247257 | BE140: 0.11550655 | BF140: 0.29400524 | BG140: 0.3755998 | BH140: 0.04497021 | BI140: 0.41308576 | BJ140: 0.35828802 | BK140: 0.31463403 | BL140: 0.28943714 | BM140: 0.30209464 | BN140: 0.11127939 | BO140: 0.31292966 | BP140: 0.3051894 | BQ140: 0.15466927 | BR140: 0.21851328 | BS140: 0.50275314 | BT140: 0.3519785 | BU140: 0.31119925 | BV140: 0.34663016 | BW140: 0.4556614 | BX140: 0.43264568 | BY140: 0.07985865 | BZ140: 0.34266284 | CA140: 0.12171697 | CB140: 0.25276208 | CC140: 0.2503001 | CD140: 0.43348035 | CE140: 0.53015584 | CF140: 0.08340754 | CG140: 0.2874037 | CH140: 0.25061813 | CI140: 0.12621453 | CJ140: 0.29926035 | CK140: 0.34527367 | CL140: 0.30325314 | CM140: 0.31157574 | CN140: 0.17308086 | CO140: 0.093085214 | CP140: 0.43603486 | CQ140: 0.28720263 | CR140: 0.351152 | CS140: 0.33679613 | CT140: 0.16041839 | CU140: 0.28475627 | CV140: 0.38375926 | CW140: 0.31456864 | CX140: 0.12496138 | CY140: 0.18050216 | CZ140: 0.3936212 | DA140: 0.12707227 | DB140: 0.23762384 | DC140: 0.97932214 | DD140: 0.2861885 | DE140: 0.16276625 | DF140: =AVERAGE(D140:J140,L140:AY140,BA140:DB140,DD140:DE140) -> 0.25592385 | DG140: =IF(DF140>=0.25,1,0) -> 1 | DH140: 0.024301607 | DI140: =VLOOKUP(B140,owner_jaccard!$C$1:$E$1128,3,FALSE) -> 0.43243243 | DJ140: =VLOOKUP(B140,partic_jaccard!$C$1:$E$1128,3,FALSE) -> 0.60869565 | DK140: =VLOOKUP(B140,rtword_jaccard!$C$1:$E$1128,3,FALSE) -> 0.2987013 | DL140: =VLOOKUP(B140,rtword_jaccard!$C$1:$F$1128,4,FALSE) -> 0.36054422 | DM140: =VLOOKUP(B140,rtword_jaccard!$C$1:$G$1128,5,FALSE) -> 0.40186916 | DN140: =VLOOKUP(B140,owner_j_重み付き!$C$1:$E$1128,3) -> 0.0246 | DO140: =VLOOKUP(B140,part_j_重み付き!$C$1:$E$1128,3,FALSE) -> 0.0366 | DP140: =VLOOKUP(B140,journalsection_jaccard!$C$2:$E$1129,3,FALSE) -> 0.63934426 | DQ140: =VLOOKUP(B140,journalsection_jaccard!$C$2:$F$1129,4,FALSE) -> 0.48148148 | DR140: =VLOOKUP(B140,journalsection_jaccard!$C$2:$G$1129,5,FALSE) -> 0.36986301 | DS140: =VLOOKUP(B140,journalsection_jaccard!$C$2:$H$1129,6,FALSE) -> 0.33333333
A141: 134 | B141: Psychology vs Sociology | C141: 心理学と社会学の最先端 | D141: 0.2593608 | E141: 0.097989485 | F141: 0.057616137 | G141: 0.24008192 | H141: 0.1797224 | I141: 0.098535754 | J141: 0.33582872 | K141: 0.9851182 | L141: 0.20314707 | M141: 0.12156876 | N141: 0.33799827 | O141: 0.11540336 | P141: 0.21578744 | Q141: 0.27010748 | R141: -0.048643395 | S141: -0.05878638 | T141: 0.19784015 | U141: 0.17345288 | V141: 0.06616328 | W141: 0.10614131 | X141: -0.076853864 | Y141: 0.094342336 | Z141: 0.20156859 | AA141: -0.061754465 | AB141: 0.1202965 | AC141: 0.23449773 | AD141: 0.011584469 | AE141: 0.11463678 | AF141: 0.25096968 | AG141: 0.147328 | AH141: 0.16651581 | AI141: 0.37553003 | AJ141: 0.2300443 | AK141: 0.19762573 | AL141: 0.14113466 | AM141: 0.15686244 | AN141: 0.23466916 | AO141: 0.15229505 | AP141: 0.20797129 | AQ141: 0.14694512 | AR141: 0.062215563 | AS141: 0.078613356 | AT141: 0.1105964 | AU141: 0.3528187 | AV141: 0.22934715 | AW141: 0.2599504 | AX141: 0.06853576 | AY141: 0.35643685 | AZ141: 0.95671767 | BA141: 0.053696994 | BB141: 0.050546877 | BC141: 0.11432015 | BD141: 0.05694373 | BE141: 0.031642344 | BF141: 0.11996566 | BG141: 0.23516841 | BH141: 0.16222213 | BI141: 0.3002565 | BJ141: 0.20868161 | BK141: 0.15240638 | BL141: 0.058978803 | BM141: 0.11003341 | BN141: 0.08199923 | BO141: 0.23657642 | BP141: 0.13983858 | BQ141: 0.23346886 | BR141: 0.16376533 | BS141: 0.2579002 | BT141: 0.3307593 | BU141: 0.27380332 | BV141: 0.11042362 | BW141: 0.18728405 | BX141: 0.26503375 | BY141: 0.18763381 | BZ141: 0.1597496 | CA141: 0.09591554 | CB141: 0.31382945 | CC141: 0.2501211 | CD141: 0.29652306 | CE141: 0.3708139 | CF141: 0.07614424 | CG141: 0.28114718 | CH141: 0.28467244 | CI141: 0.22973186 | CJ141: 0.38930142 | CK141: 0.17308989 | CL141: 0.30170038 | CM141: 0.25223386 | CN141: 0.17634644 | CO141: 0.10339956 | CP141: 0.058739156 | CQ141: 0.033843942 | CR141: 0.23870018 | CS141: -0.07630731 | CT141: 0.21491392 | CU141: 0.18143098 | CV141: 0.27932468 | CW141: 0.29047763 | CX141: 0.21635243 | CY141: 0.015864227 | CZ141: 0.31652012 | DA141: 0.3082927 | DB141: 0.42232758 | DC141: 0.96394414 | DD141: 0.2149184 | DE141: 0.2709408 | DF141: =AVERAGE(D141:J141,L141:AY141,BA141:DB141,DD141:DE141) -> 0.17862571 | DG141: =IF(DF141>=0.25,1,0) -> 0 | DH141: 0.07842975 | DI141: =VLOOKUP(B141,owner_jaccard!$C$1:$E$1128,3,FALSE) -> 0.33333333 | DJ141: =VLOOKUP(B141,partic_jaccard!$C$1:$E$1128,3,FALSE) -> 0.29032258 | DK141: =VLOOKUP(B141,rtword_jaccard!$C$1:$E$1128,3,FALSE) -> 0.2345679 | DL141: =VLOOKUP(B141,rtword_jaccard!$C$1:$F$1128,4,FALSE) -> 0.31578947 | DM141: =VLOOKUP(B141,rtword_jaccard!$C$1:$G$1128,5,FALSE) -> 0.37614679 | DN141: =VLOOKUP(B141,owner_j_重み付き!$C$1:$E$1128,3) -> 0.0089 | DO141: =VLOOKUP(B141,part_j_重み付き!$C$1:$E$1128,3,FALSE) -> 0.011 | DP141: =VLOOKUP(B141,journalsection_jaccard!$C$2:$E$1129,3,FALSE) -> 0.51515152 | DQ141: =VLOOKUP(B141,journalsection_jaccard!$C$2:$F$1129,4,FALSE) -> 0.4084507 | DR141: =VLOOKUP(B141,journalsection_jaccard!$C$2:$G$1129,5,FALSE) -> 0.38888889 | DS141: =VLOOKUP(B141,journalsection_jaccard!$C$2:$H$1129,6,FALSE) -> 0.2195122
A142: 135 | B142: Psychology vs Sports and Active Living | C142: スポーツとアクティブライフにおける心理学と最先端 | D142: 0.17823923 | E142: 0.13159433 | F142: 0.13488452 | G142: 0.20902035 | H142: 0.18590295 | I142: 0.27065283 | J142: 0.1579299 | K142: 0.98512906 | L142: 0.032324135 | M142: 0.13944392 | N142: 0.30943167 | O142: 0.17070864 | P142: 0.07942075 | Q142: 0.24323289 | R142: 0.18738331 | S142: 0.07699226 | T142: 0.2550165 | U142: 0.18801567 | V142: 0.25665495 | W142: 0.12384286 | X142: 0.08103191 | Y142: 0.074474536 | Z142: 0.13659406 | AA142: 0.07575046 | AB142: 0.15436201 | AC142: 0.15759918 | AD142: 0.19084461 | AE142: 0.08194143 | AF142: 0.24423327 | AG142: 0.16131216 | AH142: 0.048576012 | AI142: 0.26125464 | AJ142: 0.27915972 | AK142: 0.24588189 | AL142: 0.12351881 | AM142: 0.15974462 | AN142: 0.17048444 | AO142: 0.19889192 | AP142: 0.26781347 | AQ142: 0.26810473 | AR142: 0.13870443 | AS142: 0.09740428 | AT142: 0.33360517 | AU142: 0.21930094 | AV142: 0.14477396 | AW142: 0.2413197 | AX142: 0.061506886 | AY142: 0.22215684 | AZ142: 0.9726284 | BA142: 0.12032713 | BB142: 0.17349796 | BC142: 0.13506514 | BD142: 0.20866147 | BE142: 0.009836192 | BF142: 0.3375593 | BG142: 0.21728759 | BH142: 0.023872348 | BI142: 0.32799265 | BJ142: 0.3380823 | BK142: 0.26884222 | BL142: 0.15386347 | BM142: 0.16209757 | BN142: 0.05452396 | BO142: 0.13576849 | BP142: 0.055902332 | BQ142: 0.029827958 | BR142: 0.23744288 | BS142: 0.27552927 | BT142: 0.40309742 | BU142: 0.23918517 | BV142: 0.14570759 | BW142: 0.2413464 | BX142: 0.29417256 | BY142: 0.013353647 | BZ142: 0.19191661 | CA142: 0.2760271 | CB142: 0.27280423 | CC142: 0.2280282 | CD142: 0.48364362 | CE142: 0.43124768 | CF142: 0.051602602 | CG142: 0.33647284 | CH142: 0.22659966 | CI142: 0.09432427 | CJ142: 0.29733166 | CK142: 0.14748725 | CL142: 0.25407293 | CM142: 0.18144119 | CN142: 0.3066731 | CO142: 0.27604488 | CP142: 0.14393382 | CQ142: 0.18326132 | CR142: 0.37312552 | CS142: 0.18939862 | CT142: 0.1464426 | CU142: 0.31530362 | CV142: 0.3697762 | CW142: 0.20757313 | CX142: 0.33710504 | CY142: 0.23288183 | CZ142: 0.3841514 | DA142: 0.2595134 | DB142: 0.28085378 | DC142: 0.97520643 | DD142: 0.13125847 | DE142: 0.25237572 | DF142: =AVERAGE(D142:J142,L142:AY142,BA142:DB142,DD142:DE142) -> 0.20035488 | DG142: =IF(DF142>=0.25,1,0) -> 0 | DH142: 0.05524509 | DI142: =VLOOKUP(B142,owner_jaccard!$C$1:$E$1128,3,FALSE) -> 0.27272727 | DJ142: =VLOOKUP(B142,partic_jaccard!$C$1:$E$1128,3,FALSE) -> 0.25806452 | DK142: =VLOOKUP(B142,rtword_jaccard!$C$1:$E$1128,3,FALSE) -> 0.33333333 | DL142: =VLOOKUP(B142,rtword_jaccard!$C$1:$F$1128,4,FALSE) -> 0.36986301 | DM142: =VLOOKUP(B142,rtword_jaccard!$C$1:$G$1128,5,FALSE) -> 0.41509434 | DN142: =VLOOKUP(B142,owner_j_重み付き!$C$1:$E$1128,3) -> 0.0122 | DO142: =VLOOKUP(B142,part_j_重み付き!$C$1:$E$1128,3,FALSE) -> 0.0125 | DP142: =VLOOKUP(B142,journalsection_jaccard!$C$2:$E$1129,3,FALSE) -> 0.63934426 | DQ142: =VLOOKUP(B142,journalsection_jaccard!$C$2:$F$1129,4,FALSE) -> 0.44927536 | DR142: =VLOOKUP(B142,journalsection_jaccard!$C$2:$G$1129,5,FALSE) -> 0.38248848 | DS142: =VLOOKUP(B142,journalsection_jaccard!$C$2:$H$1129,6,FALSE) -> 0.33333333
A143: 136 | B143: Psychology vs Veterinary Science | C143: 心理学と獣医学の最先端 | D143: 0.14488134 | E143: 0.31708497 | F143: 0.1697585 | G143: 0.32100603 | H143: 0.09919067 | I143: 0.23551476 | J143: 0.24675626 | K143: 0.9833753 | L143: 0.13979305 | M143: 0.31885377 | N143: 0.26966166 | O143: 0.20771447 | P143: 0.17342849 | Q143: 0.31205225 | R143: 0.0050636376 | S143: -0.0035740524 | T143: 0.1744247 | U143: 0.06187005 | V143: 0.18042427 | W143: 0.033534195 | X143: 0.15924253 | Y143: 0.14691693 | Z143: 0.19304086 | AA143: 0.07505536 | AB143: 0.1729302 | AC143: 0.23175101 | AD143: 0.14722557 | AE143: -0.022847475 | AF143: 0.24255536 | AG143: 0.18487586 | AH143: 0.08965124 | AI143: 0.17721835 | AJ143: 0.44053224 | AK143: 0.1873336 | AL143: 0.320064 | AM143: 0.2586518 | AN143: -0.06925714 | AO143: 0.14139467 | AP143: 0.26140264 | AQ143: 0.12854014 | AR143: 0.2884295 | AS143: 0.26933944 | AT143: 0.11986595 | AU143: 0.18721549 | AV143: 0.07168554 | AW143: 0.32672438 | AX143: 0.055930167 | AY143: 0.1531112 | AZ143: 0.97243875 | BA143: 0.048585784 | BB143: 0.1744596 | BC143: 0.15991293 | BD143: 0.26097992 | BE143: -0.025062237 | BF143: 0.19922772 | BG143: 0.30791235 | BH143: 0.04888952 | BI143: 0.2268281 | BJ143: 0.08809797 | BK143: 0.29861966 | BL143: 0.14367971 | BM143: 0.23493232 | BN143: 0.1458585 | BO143: 0.14814416 | BP143: 0.1166534 | BQ143: 0.08342516 | BR143: -0.016914058 | BS143: 0.26307055 | BT143: 0.33961174 | BU143: 0.040533748 | BV143: 0.15973106 | BW143: 0.40406865 | BX143: 0.31175944 | BY143: 0.045353185 | BZ143: 0.25938973 | CA143: 0.37128037 | CB143: 0.11135607 | CC143: 0.19278899 | CD143: 0.36869618 | CE143: 0.38392037 | CF143: 0.16579877 | CG143: 0.180163 | CH143: 0.2534838 | CI143: 0.040690444 | CJ143: 0.1733709 | CK143: 0.19309843 | CL143: 0.29219586 | CM143: 0.19125547 | CN143: 0.031719092 | CO143: 0.08745621 | CP143: 0.4638607 | CQ143: 0.1701463 | CR143: 0.3323915 | CS143: 0.3364979 | CT143: 0.032339055 | CU143: 0.15159 | CV143: 0.28150126 | CW143: 0.3523432 | CX143: -0.03260655 | CY143: 0.28786197 | CZ143: 0.45325422 | DA143: 0.19892126 | DB143: 0.30409417 | DC143: 0.97789556 | DD143: 0.27649197 | DE143: 0.2801577 | DF143: =AVERAGE(D143:J143,L143:AY143,BA143:DB143,DD143:DE143) -> 0.19164938 | DG143: =IF(DF143>=0.25,1,0) -> 0 | DH143: 0.0023366034 | DI143: =VLOOKUP(B143,owner_jaccard!$C$1:$E$1128,3,FALSE) -> 0.16666667 | DJ143: =VLOOKUP(B143,partic_jaccard!$C$1:$E$1128,3,FALSE) -> 0.26315789 | DK143: =VLOOKUP(B143,rtword_jaccard!$C$1:$E$1128,3,FALSE) -> 0.26582278 | DL143: =VLOOKUP(B143,rtword_jaccard!$C$1:$F$1128,4,FALSE) -> 0.25 | DM143: =VLOOKUP(B143,rtword_jaccard!$C$1:$G$1128,5,FALSE) -> 0.27118644 | DN143: =VLOOKUP(B143,owner_j_重み付き!$C$1:$E$1128,3) -> 0.0022 | DO143: =VLOOKUP(B143,part_j_重み付き!$C$1:$E$1128,3,FALSE) -> 0.0032 | DP143: =VLOOKUP(B143,journalsection_jaccard!$C$2:$E$1129,3,FALSE) -> 0.69491525 | DQ143: =VLOOKUP(B143,journalsection_jaccard!$C$2:$F$1129,4,FALSE) -> 0.4084507 | DR143: =VLOOKUP(B143,journalsection_jaccard!$C$2:$G$1129,5,FALSE) -> 0.3215859 | DS143: =VLOOKUP(B143,journalsection_jaccard!$C$2:$H$1129,6,FALSE) -> 0.26582278
A144: 137 | B144: Psychology vs Virtual Reality | C144: 心理学と仮想現実のフロンティア | D144: 0.22106174 | E144: 0.07249263 | F144: 2.5761128e-05 | G144: 0.021747703 | H144: 0.023872957 | I144: 0.19723295 | J144: 0.21586064 | K144: 0.988946 | L144: 0.010289223 | M144: 0.027701013 | N144: 0.19906329 | O144: -0.13030222 | P144: 0.2558261 | Q144: 0.13294086 | R144: 0.11026423 | S144: -0.072543755 | T144: 0.1839473 | U144: 0.031457186 | V144: 0.13117895 | W144: 0.055539746 | X144: 0.11023941 | Y144: 0.11139024 | Z144: 0.093884 | AA144: -0.012981959 | AB144: 0.23848218 | AC144: -0.011307757 | AD144: 0.2348844 | AE144: 0.1573796 | AF144: 0.1374253 | AG144: 0.14116763 | AH144: 0.22007237 | AI144: 0.21900505 | AJ144: 0.20568353 | AK144: 0.17173098 | AL144: 0.32670763 | AM144: -0.011411713 | AN144: -0.024782732 | AO144: 0.09572245 | AP144: 0.17699373 | AQ144: 0.10795017 | AR144: 0.18483779 | AS144: -0.06950111 | AT144: 0.1289023 | AU144: 0.22011282 | AV144: -0.06485065 | AW144: 0.15261742 | AX144: 0.14083762 | AY144: 0.3646256 | AZ144: 0.9728989 | BA144: 0.014271014 | BB144: 0.11681503 | BC144: -0.10378896 | BD144: 0.16487485 | BE144: -0.05244949 | BF144: 0.38295043 | BG144: 0.2278146 | BH144: 0.18111539 | BI144: 0.29346913 | BJ144: 0.06655151 | BK144: 0.2618429 | BL144: 0.037908923 | BM144: 0.1674549 | BN144: 0.26016295 | BO144: 0.067686304 | BP144: 0.024474222 | BQ144: 0.1791902 | BR144: 0.018982561 | BS144: 0.25072062 | BT144: 0.18278438 | BU144: 0.2650181 | BV144: 0.16032003 | BW144: 0.13460626 | BX144: 0.24731793 | BY144: 0.11509095 | BZ144: 0.23486638 | CA144: 0.15488964 | CB144: 0.1374795 | CC144: 0.27508554 | CD144: 0.30240023 | CE144: 0.22656825 | CF144: 0.13427441 | CG144: 0.13542466 | CH144: 0.15407245 | CI144: 0.09641408 | CJ144: 0.32689503 | CK144: 0.10822512 | CL144: 0.13207948 | CM144: 0.16139223 | CN144: 0.12350657 | CO144: 0.048135936 | CP144: 0.14208229 | CQ144: 0.094796926 | CR144: 0.2947327 | CS144: 0.25969493 | CT144: 0.12655431 | CU144: 0.0821264 | CV144: 0.21932717 | CW144: 0.13794321 | CX144: 0.18633205 | CY144: 0.2637975 | CZ144: 0.26050687 | DA144: 0.1365129 | DB144: 0.30066293 | DC144: 0.9702951 | DD144: 0.17553174 | DE144: 0.22657795 | DF144: =AVERAGE(D144:J144,L144:AY144,BA144:DB144,DD144:DE144) -> 0.14327715 | DG144: =IF(DF144>=0.25,1,0) -> 0 | DH144: 0.016301777 | DI144: =VLOOKUP(B144,owner_jaccard!$C$1:$E$1128,3,FALSE) -> 0.11764706 | DJ144: =VLOOKUP(B144,partic_jaccard!$C$1:$E$1128,3,FALSE) -> 0.096774194 | DK144: =VLOOKUP(B144,rtword_jaccard!$C$1:$E$1128,3,FALSE) -> 0.19047619 | DL144: =VLOOKUP(B144,rtword_jaccard!$C$1:$F$1128,4,FALSE) -> 0.32450331 | DM144: =VLOOKUP(B144,rtword_jaccard!$C$1:$G$1128,5,FALSE) -> 0.38248848 | DN144: =VLOOKUP(B144,owner_j_重み付き!$C$1:$E$1128,3) -> 0.0009 | DO144: =VLOOKUP(B144,part_j_重み付き!$C$1:$E$1128,3,FALSE) -> 0.0011 | DP144: =VLOOKUP(B144,journalsection_jaccard!$C$2:$E$1129,3,FALSE) -> 0.61290323 | DQ144: =VLOOKUP(B144,journalsection_jaccard!$C$2:$F$1129,4,FALSE) -> 0.38888889 | DR144: =VLOOKUP(B144,journalsection_jaccard!$C$2:$G$1129,5,FALSE) -> 0.27659574 | DS144: =VLOOKUP(B144,journalsection_jaccard!$C$2:$H$1129,6,FALSE) -> 0.25
A145: 138 | B145: Psychology vs Water | C145: 心理学と水の最前線 | D145: 0.14139439 | E145: 0.057135224 | F145: 0.2117772 | G145: 0.11180333 | H145: 0.04703132 | I145: -0.049306065 | J145: 0.039997783 | K145: 0.989629 | L145: -0.061085153 | M145: 0.09020818 | N145: 0.27635264 | O145: 0.12530446 | P145: 0.016148595 | Q145: 0.11078279 | R145: 0.05723134 | S145: -0.0016327719 | T145: 0.20141923 | U145: 0.2520579 | V145: 0.012848381 | W145: -0.032855205 | X145: 0.03811928 | Y145: 0.11743984 | Z145: 0.20716769 | AA145: 0.2035883 | AB145: 0.09605023 | AC145: 0.16684116 | AD145: 0.019638546 | AE145: 0.0066839345 | AF145: 0.25052267 | AG145: 0.17533681 | AH145: 0.019125512 | AI145: 0.13636838 | AJ145: 0.20297223 | AK145: 0.034771256 | AL145: 0.28056034 | AM145: 0.17934413 | AN145: 0.04501659 | AO145: 0.16434768 | AP145: 0.13399033 | AQ145: 0.27720279 | AR145: 0.09506317 | AS145: 0.00051927567 | AT145: 0.10739689 | AU145: -0.035807244 | AV145: 0.024590975 | AW145: 0.29033768 | AX145: 0.03288572 | AY145: 0.065170914 | AZ145: 0.958086 | BA145: 0.073819295 | BB145: 0.088946134 | BC145: 0.089505084 | BD145: 0.11247888 | BE145: -0.022882625 | BF145: 0.32575363 | BG145: 0.09572321 | BH145: 0.079864375 | BI145: 0.18943329 | BJ145: 0.06347404 | BK145: 0.21804228 | BL145: 0.004774973 | BM145: 0.16137207 | BN145: 0.16575594 | BO145: 0.266676 | BP145: 0.23563132 | BQ145: 0.16200209 | BR145: 0.2344881 | BS145: 0.27859586 | BT145: 0.17608003 | BU145: 0.10311004 | BV145: 0.17444983 | BW145: 0.2694766 | BX145: 0.2737371 | BY145: 0.13993782 | BZ145: -0.026399853 | CA145: 0.10073568 | CB145: 0.10243002 | CC145: 0.0964099 | CD145: 0.39903468 | CE145: 0.2605139 | CF145: 0.060197726 | CG145: 0.2703626 | CH145: 0.16703205 | CI145: 0.15773065 | CJ145: 0.22154489 | CK145: -0.01202599 | CL145: 0.20595817 | CM145: 0.06143417 | CN145: 0.09720364 | CO145: 0.22855362 | CP145: 0.11292654 | CQ145: 0.26904207 | CR145: 0.3033193 | CS145: 0.1786247 | CT145: 0.07041808 | CU145: 0.2214804 | CV145: 0.37122902 | CW145: -0.1060899 | CX145: 0.23639335 | CY145: 0.1712977 | CZ145: 0.4568864 | DA145: 0.16699849 | DB145: 0.021402653 | DC145: 0.9794838 | DD145: 0.34370258 | DE145: 0.25135997 | DF145: =AVERAGE(D145:J145,L145:AY145,BA145:DB145,DD145:DE145) -> 0.13943506 | DG145: =IF(DF145>=0.25,1,0) -> 0 | DH145: 0 | DI145: =VLOOKUP(B145,owner_jaccard!$C$1:$E$1128,3,FALSE) -> 0.12962963 | DJ145: =VLOOKUP(B145,partic_jaccard!$C$1:$E$1128,3,FALSE) -> 0.032258065 | DK145: =VLOOKUP(B145,rtword_jaccard!$C$1:$E$1128,3,FALSE) -> 0.2195122 | DL145: =VLOOKUP(B145,rtword_jaccard!$C$1:$F$1128,4,FALSE) -> 0.20481928 | DM145: =VLOOKUP(B145,rtword_jaccard!$C$1:$G$1128,5,FALSE) -> 0.24481328 | DN145: =VLOOKUP(B145,owner_j_重み付き!$C$1:$E$1128,3) -> 0.0004 | DO145: =VLOOKUP(B145,part_j_重み付き!$C$1:$E$1128,3,FALSE) -> 0.0005 | DP145: =VLOOKUP(B145,journalsection_jaccard!$C$2:$E$1129,3,FALSE) -> 0.42857143 | DQ145: =VLOOKUP(B145,journalsection_jaccard!$C$2:$F$1129,4,FALSE) -> 0.38888889 | DR145: =VLOOKUP(B145,journalsection_jaccard!$C$2:$G$1129,5,FALSE) -> 0.29310345 | DS145: =VLOOKUP(B145,journalsection_jaccard!$C$2:$H$1129,6,FALSE) -> 0.2195122
A146: 139 | B146: Aging Neuroscience vs Applied Mathematics and Statistics | C146: 老化神経科学の最前線 vs 応用数学と統計の最前線 | D146: 0.17170344 | E146: 0.13411722 | F146: -0.009927899 | G146: 0.09655496 | H146: 0.024798864 | I146: 0.09654364 | J146: 0.007359359 | K146: 0.98248327 | L146: 0.1808261 | M146: 0.07088042 | N146: 0.23493445 | O146: 0.059225697 | P146: 0.03715506 | Q146: 0.13382915 | R146: 0.026096484 | S146: 0.13041365 | T146: 0.28303432 | U146: 0.1450111 | V146: -0.014446054 | W146: 0.2678861 | X146: 0.19980331 | Y146: 0.10499555 | Z146: 0.16346624 | AA146: 0.062174216 | AB146: 0.24267265 | AC146: 0.15248954 | AD146: 0.17802826 | AE146: 0.056429997 | AF146: 0.21932974 | AG146: 0.08432734 | AH146: 0.03520622 | AI146: 0.20100603 | AJ146: 0.23127942 | AK146: 0.24389172 | AL146: 0.16672695 | AM146: -0.0061642625 | AN146: 0.013934031 | AO146: 0.02785432 | AP146: 0.26491168 | AQ146: 0.17766093 | AR146: 0.3104782 | AS146: -0.009626623 | AT146: 0.1064873 | AU146: 0.028210402 | AV146: 0.082242854 | AW146: 0.1801983 | AX146: -0.019691968 | AY146: 0.088803045 | AZ146: 0.93753505 | BA146: 0.10558712 | BB146: 0.29453072 | BC146: 0.21159352 | BD146: 0.22313064 | BE146: -0.021449007 | BF146: 0.20350829 | BG146: 0.31604874 | BH146: 0.15466563 | BI146: 0.292788 | BJ146: 0.15378155 | BK146: 0.36136457 | BL146: 0.05195448 | BM146: 0.25780472 | BN146: 0.08799899 | BO146: 0.25598046 | BP146: 0.13979848 | BQ146: 0.12182189 | BR146: 0.2497048 | BS146: 0.17624106 | BT146: 0.12428909 | BU146: -0.03833084 | BV146: -0.092368565 | BW146: 0.16711996 | BX146: 0.20210153 | BY146: 0.1374642 | BZ146: 0.1562941 | CA146: -0.07336154 | CB146: 0.13032785 | CC146: 0.11603083 | CD146: 0.09961204 | CE146: 0.16926591 | CF146: 0.1653983 | CG146: 0.22869676 | CH146: 0.15031011 | CI146: 0.045323454 | CJ146: 0.20347326 | CK146: 0.12845987 | CL146: 0.4039826 | CM146: -0.041757386 | CN146: 0.01435343 | CO146: 0.30992982 | CP146: 0.26526347 | CQ146: 0.05473161 | CR146: 0.31882358 | CS146: 0.27401084 | CT146: 0.11034288 | CU146: 0.044927415 | CV146: 0.13734631 | CW146: 0.24442814 | CX146: 0.11879883 | CY146: 0.16439526 | CZ146: 0.35865492 | DA146: 0.16052447 | DB146: 0.1533136 | DC146: 0.9613949 | DD146: 0.35853735 | DE146: 0.070923924 | DF146: =AVERAGE(D146:J146,L146:AY146,BA146:DB146,DD146:DE146) -> 0.14409333 | DG146: =IF(DF146>=0.25,1,0) -> 0 | DH146: 0 | DI146: =VLOOKUP(B146,owner_jaccard!$C$1:$E$1128,3,FALSE) -> 0.14634146 | DJ146: =VLOOKUP(B146,partic_jaccard!$C$1:$E$1128,3,FALSE) -> 0.16666667 | DK146: =VLOOKUP(B146,rtword_jaccard!$C$1:$E$1128,3,FALSE) -> 0.12359551 | DL146: =VLOOKUP(B146,rtword_jaccard!$C$1:$F$1128,4,FALSE) -> 0.19047619 | DM146: =VLOOKUP(B146,rtword_jaccard!$C$1:$G$1128,5,FALSE) -> 0.2244898 | DN146: =VLOOKUP(B146,owner_j_重み付き!$C$1:$E$1128,3) -> 0.0068 | DO146: =VLOOKUP(B146,part_j_重み付き!$C$1:$E$1128,3,FALSE) -> 0.0417 | DP146: =VLOOKUP(B146,journalsection_jaccard!$C$2:$E$1129,3,FALSE) -> 0.2195122 | DQ146: =VLOOKUP(B146,journalsection_jaccard!$C$2:$F$1129,4,FALSE) -> 0.2987013 | DR146: =VLOOKUP(B146,journalsection_jaccard!$C$2:$G$1129,5,FALSE) -> 0.2295082 | DS146: =VLOOKUP(B146,journalsection_jaccard!$C$2:$H$1129,6,FALSE) -> 0.11111111
A147: 140 | B147: Aging Neuroscience vs Astronomy and Space Sciences | C147: 老化神経科学の最前線 vs 天文学と宇宙科学の最前線 | D147: 0.10592507 | E147: 0.13886216 | F147: 0.12578978 | G147: 0.16326576 | H147: 0.13000217 | I147: 0.2214796 | J147: -0.013676093 | K147: 0.9799015 | L147: 0.28766072 | M147: 0.13001205 | N147: 0.1595214 | O147: 0.1989263 | P147: 0.18823886 | Q147: 0.093873955 | R147: 0.10817789 | S147: 0.12550639 | T147: 0.16840261 | U147: -0.030142006 | V147: 0.068894476 | W147: 0.13167275 | X147: 0.23140004 | Y147: 0.17990659 | Z147: 0.30849406 | AA147: 0.2685029 | AB147: 0.05900934 | AC147: 0.18138225 | AD147: 0.15711688 | AE147: 0.033625733 | AF147: 0.14133134 | AG147: 0.13924626 | AH147: 0.12627582 | AI147: 0.40614846 | AJ147: 0.17142923 | AK147: 0.20307478 | AL147: -0.033905655 | AM147: 0.31408402 | AN147: -0.11098639 | AO147: 0.1562722 | AP147: 0.32466272 | AQ147: 0.1717411 | AR147: 0.16368467 | AS147: 0.14236665 | AT147: -0.07217149 | AU147: 0.20836727 | AV147: -0.067754164 | AW147: 0.2929224 | AX147: 0.10568789 | AY147: 0.11516033 | AZ147: 0.9285482 | BA147: 0.19710551 | BB147: 0.02721798 | BC147: 0.310959 | BD147: 0.2244397 | BE147: -0.022369167 | BF147: 0.0506754 | BG147: 0.20469396 | BH147: -0.10561714 | BI147: 0.19304414 | BJ147: 0.22017553 | BK147: 0.25729072 | BL147: -0.06768406 | BM147: -0.011600249 | BN147: 0.13081717 | BO147: 0.21683955 | BP147: 0.027579306 | BQ147: 0.07511183 | BR147: 0.2523333 | BS147: 0.1715522 | BT147: 0.16097991 | BU147: 0.16973183 | BV147: 0.09253375 | BW147: 0.06495499 | BX147: 0.25926024 | BY147: 0.11276647 | BZ147: 0.11036109 | CA147: 0.11815016 | CB147: 0.16296896 | CC147: 0.19971757 | CD147: 0.26910856 | CE147: 0.19436619 | CF147: 0.23309296 | CG147: 0.20949242 | CH147: 0.20307787 | CI147: 0.1730092 | CJ147: 0.23880203 | CK147: 0.2063404 | CL147: 0.28652444 | CM147: 0.17750606 | CN147: 0.04791385 | CO147: 0.10973598 | CP147: 0.22844145 | CQ147: 0.17920525 | CR147: 0.2662605 | CS147: 0.3079437 | CT147: 0.1217014 | CU147: 0.17596374 | CV147: 0.17584993 | CW147: 0.07948473 | CX147: 0.07203464 | CY147: 0.17420511 | CZ147: 0.32139063 | DA147: 0.26304904 | DB147: 0.15114833 | DC147: 0.9633835 | DD147: 0.2711324 | DE147: 0.1871791 | DF147: =AVERAGE(D147:J147,L147:AY147,BA147:DB147,DD147:DE147) -> 0.15482931 | DG147: =IF(DF147>=0.25,1,0) -> 0 | DH147: 0 | DI147: =VLOOKUP(B147,owner_jaccard!$C$1:$E$1128,3,FALSE) -> 0.058823529 | DJ147: =VLOOKUP(B147,partic_jaccard!$C$1:$E$1128,3,FALSE) -> 0.090909091 | DK147: =VLOOKUP(B147,rtword_jaccard!$C$1:$E$1128,3,FALSE) -> 0.098901099 | DL147: =VLOOKUP(B147,rtword_jaccard!$C$1:$F$1128,4,FALSE) -> 0.1627907 | DM147: =VLOOKUP(B147,rtword_jaccard!$C$1:$G$1128,5,FALSE) -> 0.2 | DN147: =VLOOKUP(B147,owner_j_重み付き!$C$1:$E$1128,3) -> 0.001 | DO147: =VLOOKUP(B147,part_j_重み付き!$C$1:$E$1128,3,FALSE) -> 0.0053 | DP147: =VLOOKUP(B147,journalsection_jaccard!$C$2:$E$1129,3,FALSE) -> 0.2987013 | DQ147: =VLOOKUP(B147,journalsection_jaccard!$C$2:$F$1129,4,FALSE) -> 0.29032258 | DR147: =VLOOKUP(B147,journalsection_jaccard!$C$2:$G$1129,5,FALSE) -> 0.2145749 | DS147: =VLOOKUP(B147,journalsection_jaccard!$C$2:$H$1129,6,FALSE) -> 0.11111111
